project,89,0.006467553230143158
gutenberg,98,0.007121575466899208
ebook,13,0.0009446987864254052
philosophy,85,0.006176876680473803
united,18,0.0013080444735120995
cost,3,0.00021800741225201656
restrictions,2,0.0001453382748346777
whatsoever,2,0.0001453382748346777
terms,56,0.004069471695370976
license,18,0.0013080444735120995
included,10,0.0007266913741733886
online,4,0.0002906765496693554
located,7,0.000508683961921372
check,4,0.0002906765496693554
laws,33,0.002398081534772182
country,4,0.0002906765496693554
title,1,7.266913741733885e-05
author,1,7.266913741733885e-05
bertrand,3,0.00021800741225201656
russell,3,0.00021800741225201656
release,1,7.266913741733885e-05
june,1,7.266913741733885e-05
1,60,0.004360148245040331
2004,1,7.266913741733885e-05
5827,1,7.266913741733885e-05
updated,2,0.0001453382748346777
december,1,7.266913741733885e-05
5,7,0.000508683961921372
2019,1,7.266913741733885e-05
language,3,0.00021800741225201656
english,1,7.266913741733885e-05
start,9,0.0006540222367560497
produced,4,0.0002906765496693554
gordon,1,7.266913741733885e-05
keener,1,7.266913741733885e-05
preface,1,7.266913741733885e-05
confined,6,0.0004360148245040331
main,7,0.000508683961921372
regard,25,0.0018167284354334715
positive,4,0.0002906765496693554
constructive,1,7.266913741733885e-05
negative,2,0.0001453382748346777
criticism,8,0.0005813530993387108
reason,53,0.0038514642831189595
theory,22,0.0015987210231814548
knowledge,306,0.02223675604970569
occupies,2,0.0001453382748346777
larger,1,7.266913741733885e-05
space,74,0.005377516168883076
metaphysics,4,0.0002906765496693554
volume,1,7.266913741733885e-05
topics,1,7.266913741733885e-05
discussed,2,0.0001453382748346777
philosophers,37,0.002688758084441538
treated,1,7.266913741733885e-05
derived,17,0.0012353753360947605
valuable,4,0.0002906765496693554
assistance,3,0.00021800741225201656
unpublished,1,7.266913741733885e-05
writings,2,0.0001453382748346777
moore,1,7.266913741733885e-05
keynes,1,7.266913741733885e-05
relations,44,0.0031974420463629096
sense,234,0.017004578155657292
data,138,0.010028340963592761
physical,101,0.007339582879151225
objects,95,0.006903568054647191
probability,18,0.0013080444735120995
induction,15,0.0010900370612600828
profited,1,7.266913741733885e-05
greatly,2,0.0001453382748346777
criticisms,1,7.266913741733885e-05
suggestions,1,7.266913741733885e-05
professor,2,0.0001453382748346777
gilbert,1,7.266913741733885e-05
murray,1,7.266913741733885e-05
1912,1,7.266913741733885e-05
chapter,47,0.003415449458614926
appearance,15,0.0010900370612600828
reality,16,0.0011627061986774216
reasonable,7,0.000508683961921372
doubt,38,0.0027614272218588766
question,59,0.004287479107622992
sight,16,0.0011627061986774216
difficult,23,0.0016713901605987936
realized,1,7.266913741733885e-05
obstacles,1,7.266913741733885e-05
straightforward,1,7.266913741733885e-05
confident,2,0.0001453382748346777
answer,27,0.001962066710268149
launched,1,7.266913741733885e-05
study,12,0.0008720296490080662
attempt,16,0.0011627061986774216
ultimate,7,0.000508683961921372
questions,27,0.001962066710268149
carelessly,1,7.266913741733885e-05
dogmatically,2,0.0001453382748346777
ordinary,7,0.000508683961921372
life,32,0.0023254123973548433
sciences,5,0.0003633456870866943
critically,2,0.0001453382748346777
exploring,1,7.266913741733885e-05
puzzling,1,7.266913741733885e-05
realizing,2,0.0001453382748346777
vagueness,1,7.266913741733885e-05
confusion,8,0.0005813530993387108
underlie,1,7.266913741733885e-05
ideas,37,0.002688758084441538
daily,8,0.0005813530993387108
assume,10,0.0007266913741733886
closer,1,7.266913741733885e-05
scrutiny,3,0.00021800741225201656
apparent,13,0.0009446987864254052
contradictions,5,0.0003633456870866943
enables,6,0.0004360148245040331
search,4,0.0002906765496693554
certainty,32,0.0023254123973548433
natural,14,0.001017367923842744
experiences,15,0.0010900370612600828
statement,14,0.001017367923842744
wrong,6,0.0004360148245040331
sitting,4,0.0002906765496693554
chair,2,0.0001453382748346777
table,93,0.006758229779812513
shape,24,0.0017440592980161324
sheets,1,7.266913741733885e-05
paper,2,0.0001453382748346777
writing,5,0.0003633456870866943
print,4,0.0002906765496693554
head,5,0.0003633456870866943
window,1,7.266913741733885e-05
buildings,1,7.266913741733885e-05
clouds,1,7.266913741733885e-05
sun,32,0.0023254123973548433
miles,1,7.266913741733885e-05
earth,9,0.0006540222367560497
hot,1,7.266913741733885e-05
globe,1,7.266913741733885e-05
times,11,0.0007993605115907274
bigger,1,7.266913741733885e-05
rotation,2,0.0001453382748346777
rises,2,0.0001453382748346777
morning,2,0.0001453382748346777
continue,6,0.0004360148245040331
indefinite,2,0.0001453382748346777
time,67,0.004868832206961703
future,26,0.0018893975728508103
normal,4,0.0002906765496693554
person,33,0.002398081534772182
chairs,2,0.0001453382748346777
tables,2,0.0001453382748346777
books,4,0.0002906765496693554
papers,1,7.266913741733885e-05
feel,15,0.0010900370612600828
pressing,1,7.266913741733885e-05
arm,3,0.00021800741225201656
evident,37,0.002688758084441538
worth,5,0.0003633456870866943
stating,2,0.0001453382748346777
doubts,2,0.0001453382748346777
doubted,5,0.0003633456870866943
requires,5,0.0003633456870866943
careful,1,7.266913741733885e-05
discussion,4,0.0002906765496693554
stated,8,0.0005813530993387108
form,36,0.002616088947024199
wholly,17,0.0012353753360947605
true,130,0.00944698786425405
difficulties,7,0.000508683961921372
plain,17,0.0012353753360947605
concentrate,1,7.266913741733885e-05
attention,5,0.0003633456870866943
eye,9,0.0006540222367560497
oblong,2,0.0001453382748346777
brown,14,0.001017367923842744
shiny,1,7.266913741733885e-05
touch,15,0.0010900370612600828
smooth,2,0.0001453382748346777
cool,1,7.266913741733885e-05
hard,9,0.0006540222367560497
tap,1,7.266913741733885e-05
wooden,1,7.266913741733885e-05
sound,8,0.0005813530993387108
feels,2,0.0001453382748346777
hears,2,0.0001453382748346777
agree,12,0.0008720296490080662
description,45,0.0032701111837802484
difficulty,14,0.001017367923842744
precise,7,0.000508683961921372
troubles,1,7.266913741733885e-05
colour,58,0.004214809970205654
reflect,5,0.0003633456870866943
light,23,0.0016713901605987936
brighter,1,7.266913741733885e-05
white,16,0.0011627061986774216
reflected,3,0.00021800741225201656
distribution,8,0.0005813530993387108
colours,12,0.0008720296490080662
change,5,0.0003633456870866943
people,46,0.0033427803211975872
moment,14,0.001017367923842744
view,52,0.0037787951457016206
practical,7,0.000508683961921372
purposes,2,0.0001453382748346777
differences,2,0.0001453382748346777
unimportant,1,7.266913741733885e-05
painter,3,0.00021800741225201656
unlearn,1,7.266913741733885e-05
habit,6,0.0004360148245040331
thinking,11,0.0007993605115907274
common,36,0.002616088947024199
learn,7,0.000508683961921372
distinctions,2,0.0001453382748346777
trouble,1,7.266913741733885e-05
distinction,7,0.000508683961921372
philosopher,11,0.0007993605115907274
stronger,2,0.0001453382748346777
troubled,1,7.266913741733885e-05
answering,3,0.00021800741225201656
return,8,0.0005813530993387108
pre,1,7.266913741733885e-05
eminently,1,7.266913741733885e-05
appears,17,0.0012353753360947605
_the_,2,0.0001453382748346777
artificial,1,7.266913741733885e-05
blind,13,0.0009446987864254052
wearing,1,7.266913741733885e-05
blue,9,0.0006540222367560497
spectacles,1,7.266913741733885e-05
dark,3,0.00021800741225201656
hearing,4,0.0002906765496693554
unchanged,1,7.266913741733885e-05
inherent,1,7.266913741733885e-05
depending,1,7.266913741733885e-05
spectator,3,0.00021800741225201656
falls,1,7.266913741733885e-05
speak,9,0.0006540222367560497
sort,42,0.003052103771528232
usual,3,0.00021800741225201656
conditions,4,0.0002906765496693554
considered,14,0.001017367923842744
real,53,0.0038514642831189595
avoid,5,0.0003633456870866943
favouritism,1,7.266913741733885e-05
compelled,5,0.0003633456870866943
deny,12,0.0008720296490080662
applies,17,0.0012353753360947605
texture,1,7.266913741733885e-05
naked,3,0.00021800741225201656
grain,1,7.266913741733885e-05
looked,1,7.266913741733885e-05
microscope,4,0.0002906765496693554
roughnesses,2,0.0001453382748346777
hills,1,7.266913741733885e-05
valleys,1,7.266913741733885e-05
sorts,5,0.0003633456870866943
imperceptible,2,0.0001453382748346777
naturally,9,0.0006540222367560497
tempted,1,7.266913741733885e-05
changed,1,7.266913741733885e-05
powerful,2,0.0001453382748346777
trust,2,0.0001453382748346777
confidence,3,0.00021800741225201656
senses,22,0.0015987210231814548
deserts,1,7.266913741733885e-05
judging,11,0.0007993605115907274
shapes,5,0.0003633456870866943
unreflectingly,1,7.266913741733885e-05
draw,9,0.0006540222367560497
rectangular,3,0.00021800741225201656
acute,1,7.266913741733885e-05
angles,3,0.00021800741225201656
obtuse,1,7.266913741733885e-05
parallel,2,0.0001453382748346777
converged,1,7.266913741733885e-05
equal,1,7.266913741733885e-05
nearer,5,0.0003633456870866943
commonly,10,0.0007266913741733886
noticed,2,0.0001453382748346777
experience,80,0.005813530993387109
taught,1,7.266913741733885e-05
construct,1,7.266913741733885e-05
inferred,10,0.0007266913741733886
constantly,6,0.0004360148245040331
changing,2,0.0001453382748346777
truth,89,0.006467553230143158
sensation,19,0.0013807136109294383
hardness,6,0.0004360148245040331
resists,2,0.0001453382748346777
pressure,1,7.266913741733885e-05
depends,12,0.0008720296490080662
press,3,0.00021800741225201656
body,25,0.0018167284354334715
sensations,20,0.0014533827483467771
pressures,1,7.266913741733885e-05
supposed,22,0.0015987210231814548
reveal,4,0.0002906765496693554
_directly_,1,7.266913741733885e-05
definite,19,0.0013807136109294383
property,19,0.0013807136109294383
_signs_,1,7.266913741733885e-05
_causes_,1,7.266913741733885e-05
sounds,7,0.000508683961921372
elicited,4,0.0002906765496693554
rapping,1,7.266913741733885e-05
_immediately_,3,0.00021800741225201656
inference,15,0.0010900370612600828
2,12,0.0008720296490080662
object,105,0.00763025942882058
simple,6,0.0004360148245040331
meaning,11,0.0007993605115907274
smells,1,7.266913741733885e-05
hardnesses,1,7.266913741733885e-05
aware,24,0.0017440592980161324
_of_,3,0.00021800741225201656
datum,23,0.0016713901605987936
awareness,3,0.00021800741225201656
smoothness,3,0.00021800741225201656
associate,2,0.0001453382748346777
reasons,19,0.0013807136109294383
properties,16,0.0011627061986774216
arises,4,0.0002906765496693554
relation,94,0.006830898917229852
supposing,9,0.0006540222367560497
exists,33,0.002398081534772182
collection,14,0.001017367923842744
called,49,0.003560787733449604
matter,46,0.0033427803211975872
nature,58,0.004214809970205654
brought,4,0.0002906765496693554
prominently,4,0.0002906765496693554
existing,9,0.0006540222367560497
independently,10,0.0007266913741733886
bishop,2,0.0001453382748346777
berkeley,26,0.0018893975728508103
1685,1,7.266913741733885e-05
1753,1,7.266913741733885e-05
_three,2,0.0001453382748346777
dialogues,2,0.0001453382748346777
hylas,3,0.00021800741225201656
philonous,2,0.0001453382748346777
opposition,3,0.00021800741225201656
sceptics,1,7.266913741733885e-05
atheists_,1,7.266913741733885e-05
undertake,1,7.266913741733885e-05
prove,26,0.0018893975728508103
consists,21,0.001526051885764116
minds,50,0.003633456870866943
hitherto,8,0.0005813530993387108
believed,13,0.0009446987864254052
match,1,7.266913741733885e-05
mercilessly,1,7.266913741733885e-05
drives,1,7.266913741733885e-05
paradoxes,1,7.266913741733885e-05
denial,3,0.00021800741225201656
arguments,16,0.0011627061986774216
employed,4,0.0002906765496693554
confused,1,7.266913741733885e-05
quibbling,1,7.266913741733885e-05
retains,2,0.0001453382748346777
merit,2,0.0001453382748346777
existence,55,0.003996802557953637
capable,16,0.0011627061986774216
denied,5,0.0003633456870866943
absurdity,3,0.00021800741225201656
exist,54,0.003924133420536298
involved,19,0.0013807136109294383
opposed,14,0.001017367923842744
mind,87,0.00632221495530848
occupying,1,7.266913741733885e-05
radically,6,0.0004360148245040331
incapable,8,0.0005813530993387108
consciousness,8,0.0005813530993387108
chiefly,2,0.0001453382748346777
denies,1,7.266913741733885e-05
signs,7,0.000508683961921372
_something_,1,7.266913741733885e-05
independent,19,0.0013807136109294383
mental,35,0.00254341980960686
entertained,2,0.0001453382748346777
admits,2,0.0001453382748346777
continues,6,0.0004360148245040331
shut,5,0.0003633456870866943
eyes,6,0.0004360148245040331
believing,23,0.0016713901605987936
persists,3,0.00021800741225201656
altogether,5,0.0003633456870866943
_our_,1,7.266913741733885e-05
led,14,0.001017367923842744
idea,31,0.0022527432599375044
god,10,0.0007266913741733886
required,11,0.0007993605115907274
permanence,1,7.266913741733885e-05
independence,1,7.266913741733885e-05
unknowable,3,0.00021800741225201656
infer,5,0.0003633456870866943
held,17,0.0012353753360947605
depend,13,0.0009446987864254052
apprehended,10,0.0007266913741733886
_some_,5,0.0003633456870866943
collective,1,7.266913741733885e-05
universe,31,0.0022527432599375044
hold,11,0.0007993605115907274
rate,10,0.0007266913741733886
feelings,10,0.0007266913741733886
argument,26,0.0018893975728508103
support,8,0.0005813530993387108
inconceivable,2,0.0001453382748346777
opinion,14,0.001017367923842744
fallacious,6,0.0004360148245040331
advance,4,0.0002906765496693554
shortly,1,7.266913741733885e-05
crudely,1,7.266913741733885e-05
valid,10,0.0007266913741733886
advanced,3,0.00021800741225201656
majority,1,7.266913741733885e-05
idealists,5,0.0003633456870866943
explaining,3,0.00021800741225201656
leibniz,8,0.0005813530993387108
1646,1,7.266913741733885e-05
1716,1,7.266913741733885e-05
rudimentary,2,0.0001453382748346777
admit,14,0.001017367923842744
remembered,9,0.0006540222367560497
colony,1,7.266913741733885e-05
souls,2,0.0001453382748346777
affirmative,1,7.266913741733885e-05
diverge,1,7.266913741733885e-05
views,5,0.0003633456870866943
mortals,2,0.0001453382748346777
agreed,5,0.0003633456870866943
occurrence,4,0.0002906765496693554
sign,4,0.0002906765496693554
differing,3,0.00021800741225201656
completely,10,0.0007266913741733886
regarded,12,0.0008720296490080662
causing,1,7.266913741733885e-05
suitable,2,0.0001453382748346777
_is_,8,0.0005813530993387108
vitally,2,0.0001453382748346777
accepting,4,0.0002906765496693554
concerned,16,0.0011627061986774216
discovered,7,0.000508683961921372
appeared,5,0.0003633456870866943
knowing,14,0.001017367923842744
finding,6,0.0004360148245040331
bewildering,1,7.266913741733885e-05
strangest,1,7.266913741733885e-05
hypotheses,7,0.000508683961921372
familiar,6,0.0004360148245040331
roused,1,7.266913741733885e-05
slightest,4,0.0002906765496693554
surprising,3,0.00021800741225201656
possibilities,7,0.000508683961921372
modest,2,0.0001453382748346777
result,19,0.0013807136109294383
complete,6,0.0004360148245040331
liberty,1,7.266913741733885e-05
conjecture,1,7.266913741733885e-05
tells,8,0.0005813530993387108
community,1,7.266913741733885e-05
sober,1,7.266913741733885e-05
science,31,0.0022527432599375044
scarcely,6,0.0004360148245040331
wonderful,1,7.266913741733885e-05
vast,1,7.266913741733885e-05
electric,1,7.266913741733885e-05
charges,2,0.0001453382748346777
violent,1,7.266913741733885e-05
motion,18,0.0013080444735120995
suggests,2,0.0001453382748346777
_answer_,1,7.266913741733885e-05
power,10,0.0007266913741733886
_asking_,1,7.266913741733885e-05
increase,1,7.266913741733885e-05
strangeness,1,7.266913741733885e-05
lying,1,7.266913741733885e-05
surface,2,0.0001453382748346777
commonest,2,0.0001453382748346777
intrinsic,9,0.0006540222367560497
product,6,0.0004360148245040331
imagination,7,0.000508683961921372
dream,9,0.0006540222367560497
prolonged,1,7.266913741733885e-05
bodies,8,0.0005813530993387108
grounds,11,0.0007993605115907274
observing,1,7.266913741733885e-05
left,9,0.0006540222367560497
desert,1,7.266913741733885e-05
outer,8,0.0005813530993387108
uncomfortable,1,7.266913741733885e-05
possibility,9,0.0006540222367560497
strictly,7,0.000508683961921372
proved,18,0.0013080444735120995
false,27,0.001962066710268149
suppose,35,0.00254341980960686
embark,1,7.266913741733885e-05
matters,6,0.0004360148245040331
fixed,1,7.266913741733885e-05
doubting,5,0.0003633456870866943
experienced,10,0.0007266913741733886
psychological,5,0.0003633456870866943
calling,2,0.0001453382748346777
absolutely,3,0.00021800741225201656
descartes,6,0.0004360148245040331
1596,1,7.266913741733885e-05
1650,1,7.266913741733885e-05
founder,2,0.0001453382748346777
modern,6,0.0004360148245040331
invented,1,7.266913741733885e-05
method,7,0.000508683961921372
profit,2,0.0001453382748346777
systematic,2,0.0001453382748346777
determined,3,0.00021800741225201656
distinctly,1,7.266913741733885e-05
bring,3,0.00021800741225201656
applying,2,0.0001453382748346777
gradually,4,0.0002906765496693554
convinced,2,0.0001453382748346777
_quite_,1,7.266913741733885e-05
imagined,2,0.0001453382748346777
deceitful,1,7.266913741733885e-05
demon,3,0.00021800741225201656
unreal,2,0.0001453382748346777
perpetual,1,7.266913741733885e-05
phantasmagoria,1,7.266913741733885e-05
improbable,3,0.00021800741225201656
existed,5,0.0003633456870866943
perceived,8,0.0005813530993387108
deceive,1,7.266913741733885e-05
absolute,15,0.0010900370612600828
_cogito,1,7.266913741733885e-05
ergo,1,7.266913741733885e-05
sum_,1,7.266913741733885e-05
basis,8,0.0005813530993387108
set,14,0.001017367923842744
build,1,7.266913741733885e-05
laid,2,0.0001453382748346777
ruins,2,0.0001453382748346777
inventing,1,7.266913741733885e-05
subjective,3,0.00021800741225201656
performed,6,0.0004360148245040331
service,2,0.0001453382748346777
students,4,0.0002906765496693554
subject,25,0.0018167284354334715
care,6,0.0004360148245040331
day,9,0.0006540222367560497
yesterday,4,0.0002906765496693554
arrive,7,0.000508683961921372
convincing,1,7.266913741733885e-05
belongs,9,0.0006540222367560497
_i_,1,7.266913741733885e-05
involves,8,0.0005813530993387108
involve,15,0.0010900370612600828
permanent,7,0.000508683961921372
momentary,1,7.266913741733885e-05
primitive,1,7.266913741733885e-05
dreams,12,0.0008720296490080662
hallucinations,2,0.0001453382748346777
perceptions,6,0.0004360148245040331
ghost,3,0.00021800741225201656
corresponds,5,0.0003633456870866943
limited,9,0.0006540222367560497
exceptional,2,0.0001453382748346777
solid,1,7.266913741733885e-05
pursuit,2,0.0001453382748346777
granted,6,0.0004360148245040331
enumerated,1,7.266913741733885e-05
connected,11,0.0007993605115907274
unhesitatingly,2,0.0001453382748346777
answers,11,0.0007993605115907274
bought,2,0.0001453382748346777
sold,1,7.266913741733885e-05
pushed,1,7.266913741733885e-05
cloth,3,0.00021800741225201656
_mere_,1,7.266913741733885e-05
hides,1,7.266913741733885e-05
derive,7,0.000508683961921372
ceased,4,0.0002906765496693554
suspended,1,7.266913741733885e-05
air,5,0.0003633456870866943
resting,1,7.266913741733885e-05
miracle,1,7.266913741733885e-05
plainly,4,0.0002906765496693554
absurd,5,0.0003633456870866943
wishes,5,0.0003633456870866943
frightened,1,7.266913741733885e-05
absurdities,1,7.266913741733885e-05
secure,3,0.00021800741225201656
addition,8,0.0005813530993387108
dinner,1,7.266913741733885e-05
preposterous,2,0.0001453382748346777
maintain,1,7.266913741733885e-05
tablecloth,1,7.266913741733885e-05
knives,1,7.266913741733885e-05
forks,1,7.266913741733885e-05
spoons,1,7.266913741733885e-05
glasses,1,7.266913741733885e-05
private,21,0.001526051885764116
separate,6,0.0004360148245040331
public,9,0.0006540222367560497
neutral,4,0.0002906765496693554
occurs,4,0.0002906765496693554
variations,1,7.266913741733885e-05
follow,7,0.000508683961921372
perspective,1,7.266913741733885e-05
reflection,10,0.0007266913741733886
easy,7,0.000508683961921372
underlying,2,0.0001453382748346777
occupant,1,7.266913741733885e-05
_his_,2,0.0001453382748346777
died,4,0.0002906765496693554
expectation,2,0.0001453382748346777
underlies,1,7.266913741733885e-05
considerations,2,0.0001453382748346777
beg,1,7.266913741733885e-05
issue,2,0.0001453382748346777
represented,6,0.0004360148245040331
voices,1,7.266913741733885e-05
appeal,4,0.0002906765496693554
testimony,5,0.0003633456870866943
purely,6,0.0004360148245040331
characteristics,9,0.0006540222367560497
tend,2,0.0001453382748346777
admitted,6,0.0004360148245040331
logical,23,0.0016713901605987936
hypothesis,5,0.0003633456870866943
mere,18,0.0013080444735120995
fancy,1,7.266913741733885e-05
complicated,3,0.00021800741225201656
waking,5,0.0003633456870866943
delusion,1,7.266913741733885e-05
corresponded,1,7.266913741733885e-05
assumed,4,0.0002906765496693554
door,2,0.0001453382748346777
banging,1,7.266913741733885e-05
instance,34,0.002470750672189521
naval,2,0.0001453382748346777
engagement,1,7.266913741733885e-05
actual,28,0.002034735847685488
battle,3,0.00021800741225201656
correspond,8,0.0005813530993387108
impossibility,5,0.0003633456870866943
supposition,4,0.0002906765496693554
create,3,0.00021800741225201656
logically,11,0.0007993605115907274
impossible,15,0.0010900370612600828
viewed,2,0.0001453382748346777
accounting,1,7.266913741733885e-05
action,4,0.0002906765496693554
simplicity,2,0.0001453382748346777
easily,7,0.000508683961921372
cat,5,0.0003633456870866943
moved,1,7.266913741733885e-05
passing,2,0.0001453382748346777
series,2,0.0001453382748346777
intermediate,2,0.0001453382748346777
positions,4,0.0002906765496693554
suddenly,2,0.0001453382748346777
sprang,1,7.266913741733885e-05
understand,21,0.001526051885764116
hungry,2,0.0001453382748346777
meal,2,0.0001453382748346777
odd,1,7.266913741733885e-05
appetite,1,7.266913741733885e-05
grow,1,7.266913741733885e-05
fast,1,7.266913741733885e-05
hunger,3,0.00021800741225201656
behaviour,1,7.266913741733885e-05
represent,1,7.266913741733885e-05
expression,2,0.0001453382748346777
utterly,2,0.0001453382748346777
inexplicable,1,7.266913741733885e-05
movements,1,7.266913741733885e-05
patches,3,0.00021800741225201656
triangle,7,0.000508683961921372
playing,1,7.266913741733885e-05
football,1,7.266913741733885e-05
compared,1,7.266913741733885e-05
human,15,0.0010900370612600828
hear,10,0.0007266913741733886
noises,1,7.266913741733885e-05
simultaneously,5,0.0003633456870866943
motions,6,0.0004360148245040331
lips,1,7.266913741733885e-05
expressions,1,7.266913741733885e-05
emitted,1,7.266913741733885e-05
happen,8,0.0005813530993387108
mistaken,4,0.0002906765496693554
suggested,4,0.0002906765496693554
accounted,4,0.0002906765496693554
scientific,8,0.0005813530993387108
principles,50,0.003633456870866943
principle,54,0.003924133420536298
urges,1,7.266913741733885e-05
adopt,6,0.0004360148245040331
dependent,9,0.0006540222367560497
perceiving,3,0.00021800741225201656
originally,1,7.266913741733885e-05
belief,99,0.007194244604316547
external,2,0.0001453382748346777
ready,2,0.0001453382748346777
_instinctive_,1,7.266913741733885e-05
instinctively,3,0.00021800741225201656
identical,5,0.0003633456870866943
discovery,2,0.0001453382748346777
paradoxical,1,7.266913741733885e-05
taste,4,0.0002906765496693554
smell,2,0.0001453382748346777
leaves,4,0.0002906765496693554
undiminished,1,7.266913741733885e-05
instinctive,11,0.0007993605115907274
_are_,1,7.266913741733885e-05
_corresponding_,2,0.0001453382748346777
lead,3,0.00021800741225201656
contrary,14,0.001017367923842744
simplify,1,7.266913741733885e-05
systematize,1,7.266913741733885e-05
account,18,0.0013080444735120995
rejecting,4,0.0002906765496693554
slight,4,0.0002906765496693554
continuing,1,7.266913741733885e-05
perceive,12,0.0008720296490080662
conclusion,17,0.0012353753360947605
doubtless,1,7.266913741733885e-05
strong,4,0.0002906765496693554
typical,1,7.266913741733885e-05
philosophical,12,0.0008720296490080662
character,5,0.0003633456870866943
validity,7,0.000508683961921372
built,2,0.0001453382748346777
beliefs,50,0.003633456870866943
rejected,4,0.0002906765496693554
association,10,0.0007266913741733886
entangled,1,7.266913741733885e-05
falsely,4,0.0002906765496693554
hierarchy,2,0.0001453382748346777
isolated,2,0.0001453382748346777
irrelevant,5,0.0003633456870866943
additions,2,0.0001453382748346777
finally,3,0.00021800741225201656
clash,1,7.266913741733885e-05
harmonious,3,0.00021800741225201656
clashes,1,7.266913741733885e-05
harmonize,2,0.0001453382748346777
worthy,2,0.0001453382748346777
acceptance,1,7.266913741733885e-05
_possible_,1,7.266913741733885e-05
element,3,0.00021800741225201656
_reason_,1,7.266913741733885e-05
reject,6,0.0004360148245040331
ground,10,0.0007266913741733886
organizing,1,7.266913741733885e-05
consequences,1,7.266913741733885e-05
modify,1,7.266913741733885e-05
abandon,2,0.0001453382748346777
sole,3,0.00021800741225201656
orderly,1,7.266913741733885e-05
organization,2,0.0001453382748346777
_possibility_,1,7.266913741733885e-05
error,16,0.0011627061986774216
remains,9,0.0006540222367560497
likelihood,2,0.0001453382748346777
diminished,1,7.266913741733885e-05
interrelation,1,7.266913741733885e-05
critical,6,0.0004360148245040331
preceded,2,0.0001453382748346777
acquiescence,1,7.266913741733885e-05
function,2,0.0001453382748346777
perform,3,0.00021800741225201656
rightly,3,0.00021800741225201656
wrongly,3,0.00021800741225201656
attainable,1,7.266913741733885e-05
spoken,4,0.0002906765496693554
suffices,2,0.0001453382748346777
begun,1,7.266913741733885e-05
adequacy,1,7.266913741733885e-05
justify,3,0.00021800741225201656
arduous,1,7.266913741733885e-05
labours,2,0.0001453382748346777
iii,1,7.266913741733885e-05
preceding,9,0.0006540222367560497
demonstrative,1,7.266913741733885e-05
rational,2,0.0001453382748346777
noise,4,0.0002906765496693554
appearances,1,7.266913741733885e-05
ceases,5,0.0003633456870866943
remove,2,0.0001453382748346777
contact,7,0.000508683961921372
cease,4,0.0002906765496693554
rap,2,0.0001453382748346777
knuckles,2,0.0001453382748346777
continuously,1,7.266913741733885e-05
reappear,1,7.266913741733885e-05
replace,3,0.00021800741225201656
perception,12,0.0008720296490080662
incomplete,9,0.0006540222367560497
hypothetical,3,0.00021800741225201656
deserving,1,7.266913741733885e-05
respect,4,0.0002906765496693554
unconsciously,2,0.0001453382748346777
drifted,1,7.266913741733885e-05
phenomena,9,0.0006540222367560497
reduced,2,0.0001453382748346777
heat,2,0.0001453382748346777
wave,10,0.0007266913741733886
travel,3,0.00021800741225201656
emitting,1,7.266913741733885e-05
aether,1,7.266913741733885e-05
gross,3,0.00021800741225201656
assigns,1,7.266913741733885e-05
position,8,0.0005813530993387108
_may_,1,7.266913741733885e-05
assist,1,7.266913741733885e-05
misleading,6,0.0004360148245040331
_not_,2,0.0001453382748346777
convey,2,0.0001453382748346777
acquire,5,0.0003633456870866943
sea,1,7.266913741733885e-05
voyage,1,7.266913741733885e-05
_light_,2,0.0001453382748346777
caused,5,0.0003633456870866943
waves,6,0.0004360148245040331
nerves,2,0.0001453382748346777
brain,2,0.0001453382748346777
meant,9,0.0006540222367560497
remarks,1,7.266913741733885e-05
apply,9,0.0006540222367560497
kinds,11,0.0007993605115907274
absent,3,0.00021800741225201656
_space_,1,7.266913741733885e-05
essential,7,0.000508683961921372
_a_,5,0.0003633456870866943
infancy,1,7.266913741733885e-05
touching,3,0.00021800741225201656
circular,4,0.0002906765496693554
coin,1,7.266913741733885e-05
_judge_,1,7.266913741733885e-05
_look_,1,7.266913741733885e-05
oval,1,7.266913741733885e-05
straight,7,0.000508683961921372
judge,12,0.0008720296490080662
intrinsically,4,0.0002906765496693554
concerns,3,0.00021800741225201656
_apparent_,1,7.266913741733885e-05
percipient,2,0.0001453382748346777
_private_,1,7.266913741733885e-05
spaces,11,0.0007993605115907274
_connected_,1,7.266913741733885e-05
manner,5,0.0003633456870866943
connexion,19,0.0013807136109294383
investigation,2,0.0001453382748346777
provisionally,1,7.266913741733885e-05
_causing_,1,7.266913741733885e-05
notice,5,0.0003633456870866943
organs,3,0.00021800741225201656
close,2,0.0001453382748346777
occupied,3,0.00021800741225201656
roughly,2,0.0001453382748346777
speaking,9,0.0006540222367560497
opaque,1,7.266913741733885e-05
touches,1,7.266913741733885e-05
tongue,1,7.266913741733885e-05
circumstances,6,0.0004360148245040331
relative,4,0.0002906765496693554
determine,3,0.00021800741225201656
situated,1,7.266913741733885e-05
vaguer,1,7.266913741733885e-05
embracing,1,7.266913741733885e-05
road,5,0.0003633456870866943
house,3,0.00021800741225201656
bear,2,0.0001453382748346777
reached,2,0.0001453382748346777
sooner,5,0.0003633456870866943
walk,1,7.266913741733885e-05
ordnance,1,7.266913741733885e-05
map,2,0.0001453382748346777
spatial,3,0.00021800741225201656
houses,2,0.0001453382748346777
dealt,6,0.0004360148245040331
geometry,5,0.0003633456870866943
physics,1,7.266913741733885e-05
astronomy,2,0.0001453382748346777
assuming,6,0.0004360148245040331
_only_,2,0.0001453382748346777
correspondence,10,0.0007266913741733886
arrangement,3,0.00021800741225201656
moon,2,0.0001453382748346777
eclipse,1,7.266913741733885e-05
visual,2,0.0001453382748346777
_relations_,4,0.0002906765496693554
distances,5,0.0003633456870866943
distance,3,0.00021800741225201656
acquaintance,78,0.005668192718552431
born,4,0.0002906765496693554
preserve,3,0.00021800741225201656
_feeling_,1,7.266913741733885e-05
duration,2,0.0001453382748346777
lapse,1,7.266913741733885e-05
notoriously,2,0.0001453382748346777
unsafe,1,7.266913741733885e-05
guide,1,7.266913741733885e-05
elapsed,1,7.266913741733885e-05
clock,1,7.266913741733885e-05
bored,1,7.266913741733885e-05
suffering,1,7.266913741733885e-05
pain,2,0.0001453382748346777
pass,10,0.0007266913741733886
slowly,1,7.266913741733885e-05
agreeably,1,7.266913741733885e-05
sleeping,1,7.266913741733885e-05
constituted,6,0.0004360148245040331
necessity,7,0.000508683961921372
distinguishing,3,0.00021800741225201656
_order_,2,0.0001453382748346777
events,4,0.0002906765496693554
regiment,2,0.0001453382748346777
marching,1,7.266913741733885e-05
arranged,2,0.0001453382748346777
preservation,1,7.266913741733885e-05
guard,2,0.0001453382748346777
misunderstanding,1,7.266913741733885e-05
constitute,6,0.0004360148245040331
thunder,3,0.00021800741225201656
lightning,5,0.0003633456870866943
simultaneous,2,0.0001453382748346777
disturbance,3,0.00021800741225201656
travelled,2,0.0001453382748346777
takes,2,0.0001453382748346777
minutes,4,0.0002906765496693554
reach,7,0.000508683961921372
afford,3,0.00021800741225201656
evidence,42,0.003052103771528232
difference,11,0.0007993605115907274
affords,2,0.0001453382748346777
fresh,8,0.0005813530993387108
illustration,6,0.0004360148245040331
counterparts,1,7.266913741733885e-05
red,19,0.0013807136109294383
presume,2,0.0001453382748346777
similarity,2,0.0001453382748346777
hope,10,0.0007266913741733886
acquainted,71,0.005159508756631059
quality,11,0.0007993605115907274
direct,9,0.0006540222367560497
familiarity,2,0.0001453382748346777
holds,5,0.0003633456870866943
closely,2,0.0001453382748346777
knowable,1,7.266913741733885e-05
remain,12,0.0008720296490080662
unknown,3,0.00021800741225201656
discovering,5,0.0003633456870866943
ultimately,5,0.0003633456870866943
defensible,1,7.266913741733885e-05
_exactly_,1,7.266913741733885e-05
luck,2,0.0001453382748346777
medium,8,0.0005813530993387108
shades,5,0.0003633456870866943
refuted,2,0.0001453382748346777
groundless,1,7.266913741733885e-05
strike,1,7.266913741733885e-05
modified,2,0.0001453382748346777
intervening,2,0.0001453382748346777
direction,6,0.0004360148245040331
alters,1,7.266913741733885e-05
perfectly,6,0.0004360148245040331
alter,2,0.0001453382748346777
ray,2,0.0001453382748346777
reaches,3,0.00021800741225201656
simply,6,0.0004360148245040331
gratuitous,1,7.266913741733885e-05
justification,3,0.00021800741225201656
enabling,2,0.0001453382748346777
explained,3,0.00021800741225201656
contended,1,7.266913741733885e-05
favour,8,0.0005813530993387108
iv,3,0.00021800741225201656
idealism,6,0.0004360148245040331
word,38,0.0027614272218588766
doctrine,4,0.0002906765496693554
forms,5,0.0003633456870866943
advocated,6,0.0004360148245040331
briefest,1,7.266913741733885e-05
survey,4,0.0002906765496693554
unaccustomed,1,7.266913741733885e-05
speculation,3,0.00021800741225201656
inclined,2,0.0001453382748346777
dismiss,1,7.266913741733885e-05
material,5,0.0003633456870866943
contents,3,0.00021800741225201656
activity,1,7.266913741733885e-05
dismissed,2,0.0001453382748346777
_correspondence_,1,7.266913741733885e-05
catalogue,1,7.266913741733885e-05
catalogued,1,7.266913741733885e-05
legitimately,1,7.266913741733885e-05
strikes,1,7.266913741733885e-05
strange,5,0.0003633456870866943
_must_,6,0.0004360148245040331
unattainable,1,7.266913741733885e-05
believes,18,0.0013080444735120995
attained,3,0.00021800741225201656
offers,3,0.00021800741225201656
objection,4,0.0002906765496693554
satisfy,2,0.0001453382748346777
establish,4,0.0002906765496693554
smelling,1,7.266913741733885e-05
tasting,1,7.266913741733885e-05
contention,1,7.266913741733885e-05
argue,5,0.0003633456870866943
assure,1,7.266913741733885e-05
concluded,1,7.266913741733885e-05
voice,1,7.266913741733885e-05
term,1,7.266913741733885e-05
remembering,2,0.0001453382748346777
imagining,2,0.0001453382748346777
calls,5,0.0003633456870866943
proceeds,1,7.266913741733885e-05
tree,22,0.0015987210231814548
argues,1,7.266913741733885e-05
latin,1,7.266913741733885e-05
schoolmen,1,7.266913741733885e-05
_esse_,1,7.266913741733885e-05
_percipi_,1,7.266913741733885e-05
continued,1,7.266913741733885e-05
consist,4,0.0002906765496693554
partial,3,0.00021800741225201656
participation,2,0.0001453382748346777
fallacies,1,7.266913741733885e-05
history,3,0.00021800741225201656
engendered,1,7.266913741733885e-05
essentially,8,0.0005813530993387108
told,3,0.00021800741225201656
notion,3,0.00021800741225201656
ambiguous,6,0.0004360148245040331
bearing,2,0.0001453382748346777
business,6,0.0004360148245040331
arrange,1,7.266913741733885e-05
clean,1,7.266913741733885e-05
imply,2,0.0001453382748346777
arguing,1,7.266913741733885e-05
committed,2,0.0001453382748346777
competent,1,7.266913741733885e-05
attendant,2,0.0001453382748346777
rendered,3,0.00021800741225201656
deeply,1,7.266913741733885e-05
disentangle,2,0.0001453382748346777
treating,1,7.266913741733885e-05
seeks,2,0.0001453382748346777
purpose,5,0.0003633456870866943
dependence,1,7.266913741733885e-05
useless,3,0.00021800741225201656
previous,11,0.0007993605115907274
concern,4,0.0002906765496693554
distinct,3,0.00021800741225201656
hand,7,0.000508683961921372
apprehending,2,0.0001453382748346777
undoubtedly,4,0.0002906765496693554
plausibility,1,7.266913741733885e-05
confusing,1,7.266913741733885e-05
apprehension,3,0.00021800741225201656
assent,2,0.0001453382748346777
forgetting,1,7.266913741733885e-05
acts,4,0.0002906765496693554
transfer,1,7.266913741733885e-05
proposition,61,0.00443281738245767
unconscious,1,7.266913741733885e-05
equivocation,1,7.266913741733885e-05
apprehend,3,0.00021800741225201656
analysis,8,0.0005813530993387108
fallacy,1,7.266913741733885e-05
rests,4,0.0002906765496693554
acquiring,2,0.0001453382748346777
bound,3,0.00021800741225201656
faculty,1,7.266913741733885e-05
characteristic,6,0.0004360148245040331
constitutes,5,0.0003633456870866943
unduly,3,0.00021800741225201656
limiting,1,7.266913741733885e-05
uttering,2,0.0001453382748346777
tautology,2,0.0001453382748346777
_in_,1,7.266913741733885e-05
_before_,1,7.266913741733885e-05
_in,3,0.00021800741225201656
sense_,3,0.00021800741225201656
realize,5,0.0003633456870866943
substance,2,0.0001453382748346777
truism,4,0.0002906765496693554
relevant,2,0.0001453382748346777
implied,6,0.0004360148245040331
obscure,1,7.266913741733885e-05
composed,6,0.0004360148245040331
chimaera,1,7.266913741733885e-05
stage,4,0.0002906765496693554
raises,6,0.0004360148245040331
requiring,2,0.0001453382748346777
considerable,3,0.00021800741225201656
preliminary,3,0.00021800741225201656
_practical_,1,7.266913741733885e-05
_theoretical_,1,7.266913741733885e-05
persons,1,7.266913741733885e-05
desirous,1,7.266913741733885e-05
suspect,2,0.0001453382748346777
desire,10,0.0007266913741733886
satisfying,1,7.266913741733885e-05
thwarting,1,7.266913741733885e-05
applicable,12,0.0008720296490080662
_true_,6,0.0004360148245040331
convictions,3,0.00021800741225201656
_judgements_,1,7.266913741733885e-05
_that_,1,7.266913741733885e-05
_truths_,3,0.00021800741225201656
_things_,2,0.0001453382748346777
_acquaintance_,5,0.0003633456870866943
_savoir_,1,7.266913741733885e-05
_conna√Ætre_,1,7.266913741733885e-05
french,2,0.0001453382748346777
_wissen_,1,7.266913741733885e-05
_kennen_,1,7.266913741733885e-05
german,8,0.0005813530993387108
palpable,1,7.266913741733885e-05
falsehood,28,0.002034735847685488
honour,1,7.266913741733885e-05
emperor,2,0.0001453382748346777
china,2,0.0001453382748346777
retort,1,7.266913741733885e-05
demands,3,0.00021800741225201656
elucidation,1,7.266913741733885e-05
conversely,2,0.0001453382748346777
judgement,40,0.0029067654966935543
_description_,3,0.00021800741225201656
virtue,5,0.0003633456870866943
deal,6,0.0004360148245040331
subjects,3,0.00021800741225201656
chapters,5,0.0003633456870866943
truths,49,0.003560787733449604
exclusively,6,0.0004360148245040331
distinguish,7,0.000508683961921372
simpler,3,0.00021800741225201656
rash,2,0.0001453382748346777
source,8,0.0005813530993387108
intermediary,1,7.266913741733885e-05
process,9,0.0006540222367560497
presence,1,7.266913741733885e-05
conscious,3,0.00021800741225201656
shade,5,0.0003633456870866943
statements,6,0.0004360148245040331
theoretically,6,0.0004360148245040331
describes,1,7.266913741733885e-05
connecting,1,7.266913741733885e-05
foundation,27,0.001962066710268149
supply,3,0.00021800741225201656
obvious,10,0.0007266913741733886
striking,1,7.266913741733885e-05
restricted,1,7.266913741733885e-05
abstract,10,0.0007266913741733886
universals,59,0.004287479107622992
tolerably,1,7.266913741733885e-05
adequate,2,0.0001453382748346777
extension,3,0.00021800741225201656
_memory_,2,0.0001453382748346777
remember,3,0.00021800741225201656
heard,4,0.0002906765496693554
spite,11,0.0007993605115907274
memory,23,0.0016713901605987936
_introspection_,1,7.266913741733885e-05
food,9,0.0006540222367560497
desiring,1,7.266913741733885e-05
feeling,5,0.0003633456870866943
pleasure,2,0.0001453382748346777
unable,3,0.00021800741225201656
imagine,6,0.0004360148245040331
animals,6,0.0004360148245040331
_doubt_,1,7.266913741733885e-05
_self_,2,0.0001453382748346777
bare,2,0.0001453382748346777
positively,1,7.266913741733885e-05
represents,2,0.0001453382748346777
representing,1,7.266913741733885e-05
adduced,1,7.266913741733885e-05
_probably_,3,0.00021800741225201656
occur,7,0.000508683961921372
wise,1,7.266913741733885e-05
assert,7,0.000508683961921372
sum,3,0.00021800741225201656
introspection,2,0.0001453382748346777
desires,5,0.0003633456870866943
probable,20,0.0014533827483467771
_universals_,1,7.266913741733885e-05
_whiteness_,3,0.00021800741225201656
_diversity_,1,7.266913741733885e-05
_brotherhood_,1,7.266913741733885e-05
sentence,8,0.0005813530993387108
stands,6,0.0004360148245040331
universal,30,0.0021800741225201656
verbs,7,0.000508683961921372
ix,2,0.0001453382748346777
existent,1,7.266913741733885e-05
_conceiving_,1,7.266913741733885e-05
_concept_,1,7.266913741733885e-05
phrase,9,0.0006540222367560497
singular,2,0.0001453382748346777
iron,5,0.0003633456870866943
mask,5,0.0003633456870866943
descriptions,9,0.0006540222367560497
discussing,4,0.0002906765496693554
sequel,1,7.266913741733885e-05
propositions,30,0.0021800741225201656
candidate,7,0.000508683961921372
votes,3,0.00021800741225201656
elected,1,7.266913741733885e-05
candidates,2,0.0001453382748346777
descriptive,1,7.266913741733885e-05
unionist,4,0.0002906765496693554
constituency,4,0.0002906765496693554
proper,5,0.0003633456870866943
names,3,0.00021800741225201656
correctly,2,0.0001453382748346777
expressed,2,0.0001453382748346777
explicitly,1,7.266913741733885e-05
express,5,0.0003633456870866943
vary,2,0.0001453382748346777
constant,5,0.0003633456870866943
illustrations,1,7.266913741733885e-05
bismarck,16,0.0011627061986774216
oneself,1,7.266913741733885e-05
designate,1,7.266913741733885e-05
constituent,4,0.0002906765496693554
standing,2,0.0001453382748346777
chance,1,7.266913741733885e-05
friend,3,0.00021800741225201656
accidental,1,7.266913741733885e-05
entity,6,0.0004360148245040331
vague,4,0.0002906765496693554
mass,2,0.0001453382748346777
historical,2,0.0001453382748346777
identify,2,0.0001453382748346777
sake,4,0.0002906765496693554
chancellor,4,0.0002906765496693554
empire,5,0.0003633456870866943
meanings,1,7.266913741733885e-05
recall,2,0.0001453382748346777
travels,1,7.266913741733885e-05
germany,2,0.0001453382748346777
reference,6,0.0004360148245040331
mention,1,7.266913741733885e-05
dates,1,7.266913741733885e-05
_logically_,2,0.0001453382748346777
lived,3,0.00021800741225201656
involving,6,0.0004360148245040331
judgements,23,0.0016713901605987936
astute,4,0.0002906765496693554
diplomatist,4,0.0002906765496693554
assured,1,7.266913741733885e-05
read,6,0.0004360148245040331
particulars,26,0.0018893975728508103
concepts,2,0.0001453382748346777
london,11,0.0007993605115907274
england,1,7.266913741733885e-05
europe,1,7.266913741733885e-05
solar,2,0.0001453382748346777
logic,30,0.0021800741225201656
_intend_,1,7.266913741733885e-05
defeated,1,7.266913741733885e-05
_describe_,1,7.266913741733885e-05
affirm,2,0.0001453382748346777
describing,1,7.266913741733885e-05
asserting,3,0.00021800741225201656
communicate,1,7.266913741733885e-05
varying,1,7.266913741733885e-05
employ,2,0.0001453382748346777
correct,4,0.0002906765496693554
stages,1,7.266913741733885e-05
removal,1,7.266913741733885e-05
progressively,1,7.266913741733885e-05
removed,4,0.0002906765496693554
deducible,2,0.0001453382748346777
wore,1,7.266913741733885e-05
fourth,1,7.266913741733885e-05
definition,16,0.0011627061986774216
region,2,0.0001453382748346777
reducible,1,7.266913741733885e-05
fundamental,7,0.000508683961921372
_every,1,7.266913741733885e-05
constituents,9,0.0006540222367560497
acquainted_,1,7.266913741733885e-05
objections,5,0.0003633456870866943
urged,3,0.00021800741225201656
meet,3,0.00021800741225201656
conceivable,1,7.266913741733885e-05
entertain,3,0.00021800741225201656
attach,2,0.0001453382748346777
utter,2,0.0001453382748346777
julius,4,0.0002906765496693554
caesar,4,0.0002906765496693554
assassinated,1,7.266913741733885e-05
ides,1,7.266913741733885e-05
march,1,7.266913741733885e-05
roman,1,7.266913741733885e-05
_julius,2,0.0001453382748346777
caesar_,2,0.0001453382748346777
chief,6,0.0004360148245040331
limits,5,0.0003633456870866943
narrow,6,0.0004360148245040331
range,1,7.266913741733885e-05
vital,2,0.0001453382748346777
understood,6,0.0004360148245040331
mysterious,3,0.00021800741225201656
discussions,2,0.0001453382748346777
supplies,2,0.0001453382748346777
inferences,5,0.0003633456870866943
individual,6,0.0004360148245040331
drawn,1,7.266913741733885e-05
earlier,4,0.0002906765496693554
extend,1,7.266913741733885e-05
sphere,2,0.0001453382748346777
exceedingly,1,7.266913741733885e-05
effected,1,7.266913741733885e-05
rise,10,0.0007266913741733886
morrow,11,0.0007993605115907274
outcome,1,7.266913741733885e-05
justified,4,0.0002906765496693554
ascertain,2,0.0001453382748346777
suffice,4,0.0002906765496693554
actions,2,0.0001453382748346777
based,14,0.001017367923842744
risen,2,0.0001453382748346777
firm,2,0.0001453382748346777
challenged,2,0.0001453382748346777
heretofore,1,7.266913741733885e-05
freely,5,0.0003633456870866943
rotating,1,7.266913741733885e-05
rotate,1,7.266913741733885e-05
interferes,1,7.266913741733885e-05
interfere,2,0.0001453382748346777
operation,5,0.0003633456870866943
raised,5,0.0003633456870866943
sunrise,3,0.00021800741225201656
operated,1,7.266913741733885e-05
fulfilment,1,7.266913741733885e-05
countless,1,7.266913741733885e-05
_any_,1,7.266913741733885e-05
law,53,0.0038514642831189595
fulfilled,5,0.0003633456870866943
expecting,4,0.0002906765496693554
bread,2,0.0001453382748346777
eat,2,0.0001453382748346777
poison,2,0.0001453382748346777
expectations,12,0.0008720296490080662
control,2,0.0001453382748346777
lives,2,0.0001453382748346777
observed,6,0.0004360148245040331
_probable_,2,0.0001453382748346777
seek,6,0.0004360148245040331
proof,10,0.0007266913741733886
_likely_,1,7.266913741733885e-05
dealing,7,0.000508683961921372
hopeless,1,7.266913741733885e-05
confusions,1,7.266913741733885e-05
frequent,2,0.0001453382748346777
repetition,1,7.266913741733885e-05
uniform,2,0.0001453382748346777
succession,2,0.0001453382748346777
coexistence,3,0.00021800741225201656
_cause_,2,0.0001453382748346777
occasion,2,0.0001453382748346777
severe,1,7.266913741733885e-05
shock,1,7.266913741733885e-05
unusual,1,7.266913741733885e-05
tactile,1,7.266913741733885e-05
expect,6,0.0004360148245040331
horrors,1,7.266913741733885e-05
stories,1,7.266913741733885e-05
fails,3,0.00021800741225201656
uneducated,1,7.266913741733885e-05
surprised,1,7.266913741733885e-05
incredulous,1,7.266913741733885e-05
native,1,7.266913741733885e-05
horse,2,0.0001453382748346777
driven,5,0.0003633456870866943
drive,1,7.266913741733885e-05
domestic,2,0.0001453382748346777
feeds,1,7.266913741733885e-05
crude,4,0.0002906765496693554
uniformity,4,0.0002906765496693554
liable,5,0.0003633456870866943
fed,1,7.266913741733885e-05
chicken,4,0.0002906765496693554
wrings,1,7.266913741733885e-05
neck,3,0.00021800741225201656
refined,1,7.266913741733885e-05
misleadingness,1,7.266913741733885e-05
happened,6,0.0004360148245040331
instincts,1,7.266913741733885e-05
unexpectedly,1,7.266913741733885e-05
wrung,2,0.0001453382748346777
uniformities,3,0.00021800741225201656
weight,1,7.266913741733885e-05
discuss,1,7.266913741733885e-05
exceptions,9,0.0006540222367560497
disappoint,1,7.266913741733885e-05
habitually,1,7.266913741733885e-05
assumes,3,0.00021800741225201656
rules,3,0.00021800741225201656
replaced,1,7.266913741733885e-05
unsupported,1,7.266913741733885e-05
fall,4,0.0002906765496693554
rule,4,0.0002906765496693554
balloons,2,0.0001453382748346777
aeroplanes,2,0.0001453382748346777
gravitation,6,0.0004360148245040331
falsified,1,7.266913741733885e-05
destroyed,1,7.266913741733885e-05
infringed,1,7.266913741733885e-05
event,3,0.00021800741225201656
extends,1,7.266913741733885e-05
remarkably,1,7.266913741733885e-05
successful,3,0.00021800741225201656
conceded,2,0.0001453382748346777
brings,2,0.0001453382748346777
argued,2,0.0001453382748346777
resemble,6,0.0004360148245040331
futures,6,0.0004360148245040331
begs,1,7.266913741733885e-05
answered,2,0.0001453382748346777
starts,1,7.266913741733885e-05
enable,5,0.0003633456870866943
geology,1,7.266913741733885e-05
theories,3,0.00021800741225201656
origin,1,7.266913741733885e-05
occurring,2,0.0001453382748346777
practically,3,0.00021800741225201656
_prove_,1,7.266913741733885e-05
demonstratively,1,7.266913741733885e-05
examine,8,0.0005813530993387108
oftener,1,7.266913741733885e-05
_almost_,1,7.266913741733885e-05
repetitions,2,0.0001453382748346777
failure,4,0.0002906765496693554
advocating,1,7.266913741733885e-05
reign,3,0.00021800741225201656
observation,3,0.00021800741225201656
fit,3,0.00021800741225201656
practice,1,7.266913741733885e-05
unexamined,2,0.0001453382748346777
examining,3,0.00021800741225201656
_principle,1,7.266913741733885e-05
induction_,1,7.266913741733885e-05
dissociated,1,7.266913741733885e-05
sufficient,5,0.0003633456870866943
approach,5,0.0003633456870866943
limit,3,0.00021800741225201656
verification,1,7.266913741733885e-05
single,17,0.0012353753360947605
_always_,2,0.0001453382748346777
increased,3,0.00021800741225201656
repeat,1,7.266913741733885e-05
_might_,1,7.266913741733885e-05
gravely,1,7.266913741733885e-05
swans,4,0.0002906765496693554
disproved,3,0.00021800741225201656
black,2,0.0001453382748346777
render,2,0.0001453382748346777
variable,1,7.266913741733885e-05
species,1,7.266913741733885e-05
peculiarly,1,7.266913741733885e-05
proving,2,0.0001453382748346777
estimated,1,7.266913741733885e-05
fail,2,0.0001453382748346777
fulfil,2,0.0001453382748346777
class,5,0.0003633456870866943
inductive,19,0.0013807136109294383
_disproved_,1,7.266913741733885e-05
equally,10,0.0007266913741733886
_proved_,1,7.266913741733885e-05
conceivably,1,7.266913741733885e-05
confirm,2,0.0001453382748346777
examined,5,0.0003633456870866943
unexperienced,1,7.266913741733885e-05
begging,1,7.266913741733885e-05
accept,3,0.00021800741225201656
forgo,1,7.266913741733885e-05
unsound,1,7.266913741733885e-05
nourishing,2,0.0001453382748346777
stone,1,7.266913741733885e-05
throw,1,7.266913741733885e-05
roof,1,7.266913741733885e-05
approaching,1,7.266913741733885e-05
inhabited,1,7.266913741733885e-05
worst,1,7.266913741733885e-05
enemy,2,0.0001453382748346777
total,2,0.0001453382748346777
stranger,1,7.266913741733885e-05
conduct,1,7.266913741733885e-05
associations,2,0.0001453382748346777
mankind,2,0.0001453382748346777
innumerable,4,0.0002906765496693554
instances,22,0.0015987210231814548
confute,1,7.266913741733885e-05
concrete,3,0.00021800741225201656
applications,3,0.00021800741225201656
firmly,4,0.0002906765496693554
rooted,1,7.266913741733885e-05
debated,1,7.266913741733885e-05
scope,8,0.0005813530993387108
degree,20,0.0014533827483467771
vii,2,0.0001453382748346777
stand,7,0.000508683961921372
drawing,2,0.0001453382748346777
apt,5,0.0003633456870866943
overlooked,2,0.0001453382748346777
obviousness,2,0.0001453382748346777
assumption,2,0.0001453382748346777
assented,1,7.266913741733885e-05
application,1,7.266913741733885e-05
particularity,2,0.0001453382748346777
generality,1,7.266913741733885e-05
affirmed,2,0.0001453382748346777
teaching,2,0.0001453382748346777
arithmetic,11,0.0007993605115907274
learnt,1,7.266913741733885e-05
pair,3,0.00021800741225201656
couples,7,0.000508683961921372
month,1,7.266913741733885e-05
_if_,4,0.0002906765496693554
15th,3,0.00021800741225201656
16th,2,0.0001453382748346777
dined,1,7.266913741733885e-05
jones,7,0.000508683961921372
diary,1,7.266913741733885e-05
premisses,15,0.0010900370612600828
implies,3,0.00021800741225201656
demonstrations,2,0.0001453382748346777
appealing,2,0.0001453382748346777
trivial,4,0.0002906765496693554
indubitable,5,0.0003633456870866943
singled,2,0.0001453382748346777
tradition,2,0.0001453382748346777
_the,4,0.0002906765496693554
identity_,1,7.266913741733885e-05
contradiction_,1,7.266913741733885e-05
3,13,0.0009446987864254052
excluded,2,0.0001453382748346777
middle_,1,7.266913741733885e-05
samples,1,7.266913741733885e-05
premiss,6,0.0004360148245040331
behave,1,7.266913741733885e-05
_truly_,2,0.0001453382748346777
_certainly_,1,7.266913741733885e-05
historic,1,7.266913741733885e-05
controversies,2,0.0001453382748346777
controversy,2,0.0001453382748346777
schools,2,0.0001453382748346777
empiricists,8,0.0005813530993387108
rationalists,9,0.0006540222367560497
british,1,7.266913741733885e-05
locke,1,7.266913741733885e-05
hume,8,0.0005813530993387108
maintained,7,0.000508683961921372
continental,1,7.266913741733885e-05
seventeenth,1,7.266913741733885e-05
century,1,7.266913741733885e-05
innate,4,0.0002906765496693554
decide,3,0.00021800741225201656
opposing,2,0.0001453382748346777
presupposes,3,0.00021800741225201656
connexions,3,0.00021800741225201656
exemplify,1,7.266913741733885e-05
babies,1,7.266913741733885e-05
deduced,18,0.0013080444735120995
_a,56,0.004069471695370976
priori_,56,0.004069471695370976
objectionable,1,7.266913741733885e-05
writers,1,7.266913741733885e-05
admitting,1,7.266913741733885e-05
directs,1,7.266913741733885e-05
_exist_,3,0.00021800741225201656
reading,4,0.0002906765496693554
consideration,7,0.000508683961921372
deduce,5,0.0003633456870866943
exemplified,3,0.00021800741225201656
repeatedly,1,7.266913741733885e-05
_empirical_,1,7.266913741733885e-05
partly,6,0.0004360148245040331
asserts,7,0.000508683961921372
empirical,15,0.0010900370612600828
ethical,4,0.0002906765496693554
virtuous,1,7.266913741733885e-05
require,6,0.0004360148245040331
desirability,1,7.266913741733885e-05
secures,1,7.266913741733885e-05
happiness,1,7.266913741733885e-05
desirable,1,7.266913741733885e-05
misery,1,7.266913741733885e-05
ignorance,1,7.266913741733885e-05
goodwill,1,7.266913741733885e-05
hatred,1,7.266913741733885e-05
bad,3,0.00021800741225201656
ethics,2,0.0001453382748346777
deducing,1,7.266913741733885e-05
established,2,0.0001453382748346777
pure,11,0.0007993605115907274
mathematics,7,0.000508683961921372
strenuously,2,0.0001453382748346777
geography,1,7.266913741733885e-05
repeated,2,0.0001453382748346777
proceed,7,0.000508683961921372
persuading,1,7.266913741733885e-05
abstractly,1,7.266913741733885e-05
coins,1,7.266913741733885e-05
divest,1,7.266913741733885e-05
_typical_,1,7.266913741733885e-05
examination,4,0.0002906765496693554
unnecessary,3,0.00021800741225201656
whitehead,1,7.266913741733885e-05
_introduction,1,7.266913741733885e-05
mathematics_,1,7.266913741733885e-05
university,1,7.266913741733885e-05
library,2,0.0001453382748346777
_all_,5,0.0003633456870866943
triangles,5,0.0003633456870866943
share,5,0.0003633456870866943
growing,1,7.266913741733885e-05
attested,1,7.266913741733885e-05
generalizations,6,0.0004360148245040331
conform,3,0.00021800741225201656
clearer,2,0.0001453382748346777
genuinely,1,7.266913741733885e-05
generalization,5,0.0003633456870866943
mortal,19,0.0013807136109294383
living,4,0.0002906765496693554
age,4,0.0002906765496693554
physiological,1,7.266913741733885e-05
organism,2,0.0001453382748346777
wear,1,7.266913741733885e-05
neglecting,1,7.266913741733885e-05
mortality,1,7.266913741733885e-05
content,2,0.0001453382748346777
dying,3,0.00021800741225201656
carefully,2,0.0001453382748346777
persuade,2,0.0001453382748346777
forced,4,0.0002906765496693554
worlds,4,0.0002906765496693554
swift,1,7.266913741733885e-05
invites,1,7.266913741733885e-05
race,2,0.0001453382748346777
struldbugs,1,7.266913741733885e-05
die,1,7.266913741733885e-05
acquiesce,1,7.266913741733885e-05
level,1,7.266913741733885e-05
upset,1,7.266913741733885e-05
fabric,1,7.266913741733885e-05
reduce,1,7.266913741733885e-05
mathematical,4,0.0002906765496693554
inferring,1,7.266913741733885e-05
utility,3,0.00021800741225201656
_deduction_,1,7.266913741733885e-05
_induction_,1,7.266913741733885e-05
debate,1,7.266913741733885e-05
deduction,5,0.0003633456870866943
_new_,1,7.266913741733885e-05
robinson,6,0.0004360148245040331
smith,6,0.0004360148245040331
contained,2,0.0001453382748346777
newness,1,7.266913741733885e-05
stock,2,0.0001453382748346777
socrates,14,0.001017367923842744
foolish,1,7.266913741733885e-05
roundabout,1,7.266913741733885e-05
illustrates,2,0.0001453382748346777
mode,1,7.266913741733885e-05
preferable,1,7.266913741733885e-05
warrants,1,7.266913741733885e-05
uncertain,1,7.266913741733885e-05
occupy,5,0.0003633456870866943
infinite,9,0.0006540222367560497
kant,25,0.0018167284354334715
1724,1,7.266913741733885e-05
1804,1,7.266913741733885e-05
historically,1,7.266913741733885e-05
viii,1,7.266913741733885e-05
immanuel,1,7.266913741733885e-05
war,2,0.0001453382748346777
revolution,1,7.266913741733885e-05
interrupted,1,7.266913741733885e-05
k√∂nigsberg,1,7.266913741733885e-05
east,1,7.266913741733885e-05
prussia,1,7.266913741733885e-05
distinctive,2,0.0001453382748346777
contribution,1,7.266913741733885e-05
inquired,1,7.266913741733885e-05
inquiry,4,0.0002906765496693554
metaphysical,4,0.0002906765496693554
deserves,1,7.266913741733885e-05
credit,2,0.0001453382748346777
analytic,6,0.0004360148245040331
contradictory,5,0.0003633456870866943
illustrated,1,7.266913741733885e-05
examples,2,0.0001453382748346777
bald,3,0.00021800741225201656
plane,1,7.266913741733885e-05
figure,2,0.0001453382748346777
poet,2,0.0001453382748346777
asserted,2,0.0001453382748346777
enunciated,1,7.266913741733885e-05
orator,1,7.266913741733885e-05
preparing,1,7.266913741733885e-05
piece,10,0.0007266913741733886
sophistry,1,7.266913741733885e-05
predicate,3,0.00021800741225201656
analysing,2,0.0001453382748346777
contradiction,19,0.0013807136109294383
attempted,2,0.0001453382748346777
baldness,1,7.266913741733885e-05
contradict,1,7.266913741733885e-05
sufficed,1,7.266913741733885e-05
1711,1,7.266913741733885e-05
76,1,7.266913741733885e-05
notably,2,0.0001453382748346777
synthetic,3,0.00021800741225201656
educated,1,7.266913741733885e-05
rationalist,1,7.266913741733885e-05
perturbed,1,7.266913741733885e-05
scepticism,4,0.0002906765496693554
endeavoured,2,0.0001453382748346777
7,5,0.0003633456870866943
12,3,0.00021800741225201656
adding,1,7.266913741733885e-05
solution,3,0.00021800741225201656
sceptical,1,7.266913741733885e-05
inadequate,2,0.0001453382748346777
gain,1,7.266913741733885e-05
enumeration,1,7.266913741733885e-05
inhabitants,1,7.266913741733885e-05
anticipating,1,7.266913741733885e-05
merest,1,7.266913741733885e-05
outline,2,0.0001453382748346777
exponents,1,7.266913741733885e-05
elements,1,7.266913741733885e-05
distinguished,4,0.0002906765496693554
interaction,2,0.0001453382748346777
agreement,19,0.0013807136109294383
apportions,1,7.266913741733885e-05
shares,2,0.0001453382748346777
considers,2,0.0001453382748346777
comparison,3,0.00021800741225201656
causality,2,0.0001453382748346777
phenomenon,2,0.0001453382748346777
joint,1,7.266913741733885e-05
reconcile,1,7.266913741733885e-05
contentions,1,7.266913741733885e-05
_definition_,2,0.0001453382748346777
inconsistency,1,7.266913741733885e-05
categories,1,7.266913741733885e-05
minor,1,7.266913741733885e-05
criticized,1,7.266913741733885e-05
fatal,1,7.266913741733885e-05
contributed,1,7.266913741733885e-05
occurred,2,0.0001453382748346777
destroys,1,7.266913741733885e-05
universality,2,0.0001453382748346777
anxious,2,0.0001453382748346777
vindicate,1,7.266913741733885e-05
arithmetical,3,0.00021800741225201656
formally,1,7.266913741733885e-05
inconsistent,2,0.0001453382748346777
kantian,1,7.266913741733885e-05
imposed,2,0.0001453382748346777
assertion,6,0.0004360148245040331
failing,1,7.266913741733885e-05
special,7,0.000508683961921372
doctrines,2,0.0001453382748346777
named,4,0.0002906765496693554
erroneous,11,0.0007993605115907274
intended,1,7.266913741733885e-05
beech,10,0.0007266913741733886
_thought_,3,0.00021800741225201656
outward,1,7.266913741733885e-05
_this_,1,7.266913741733885e-05
subsequent,1,7.266913741733885e-05
_think_,4,0.0002906765496693554
_be_,1,7.266913741733885e-05
save,1,7.266913741733885e-05
emphatically,1,7.266913741733885e-05
constitution,2,0.0001453382748346777
entities,8,0.0005813530993387108
properly,2,0.0001453382748346777
speech,1,7.266913741733885e-05
substantives,5,0.0003633456870866943
qualities,6,0.0004360148245040331
denotes,4,0.0002906765496693554
produces,3,0.00021800741225201656
judges,5,0.0003633456870866943
earwig,3,0.00021800741225201656
develop,2,0.0001453382748346777
plato,11,0.0007993605115907274
solve,1,7.266913741733885e-05
attempts,4,0.0002906765496693554
modifications,1,7.266913741733885e-05
arose,1,7.266913741733885e-05
_justice_,2,0.0001453382748346777
justice,4,0.0002906765496693554
partake,2,0.0001453382748346777
essence,7,0.000508683961921372
admixture,1,7.266913741733885e-05
multiplicity,1,7.266913741733885e-05
whiteness,16,0.0011627061986774216
participate,2,0.0001453382748346777
fleeting,2,0.0001453382748346777
changeable,1,7.266913741733885e-05
eternally,1,7.266913741733885e-05
immutable,1,7.266913741733885e-05
indestructible,1,7.266913741733885e-05
supra,1,7.266913741733885e-05
unchangeable,2,0.0001453382748346777
pale,2,0.0001453382748346777
belong,3,0.00021800741225201656
succeed,3,0.00021800741225201656
mysticism,1,7.266913741733885e-05
mystic,1,7.266913741733885e-05
illumination,1,7.266913741733885e-05
heaven,1,7.266913741733885e-05
mystical,1,7.266913741733885e-05
developments,1,7.266913741733885e-05
acquired,2,0.0001453382748346777
applied,1,7.266913741733885e-05
_particular_,1,7.266913741733885e-05
_universal_,1,7.266913741733885e-05
shared,2,0.0001453382748346777
broadly,4,0.0002906765496693554
adjectives,5,0.0003633456870866943
prepositions,6,0.0004360148245040331
pronouns,2,0.0001453382748346777
context,2,0.0001453382748346777
nearest,1,7.266913741733885e-05
dictionary,1,7.266913741733885e-05
realizes,2,0.0001453382748346777
dwell,3,0.00021800741225201656
charles,5,0.0003633456870866943
cut,2,0.0001453382748346777
cutting,1,7.266913741733885e-05
insubstantial,1,7.266913741733885e-05
demand,4,0.0002906765496693554
avoiding,1,7.266913741733885e-05
forces,1,7.266913741733885e-05
recognized,2,0.0001453382748346777
omission,1,7.266913741733885e-05
spinoza,3,0.00021800741225201656
nouns,1,7.266913741733885e-05
neglect,2,0.0001453382748346777
attributing,1,7.266913741733885e-05
expressing,2,0.0001453382748346777
interact,1,7.266913741733885e-05
bradley,1,7.266913741733885e-05
_monism_,1,7.266913741733885e-05
nowadays,1,7.266913741733885e-05
_monadism_,1,7.266913741733885e-05
_monad_,1,7.266913741733885e-05
philosophies,2,0.0001453382748346777
undue,1,7.266913741733885e-05
_qualities_,2,0.0001453382748346777
image,8,0.0005813530993387108
processes,1,7.266913741733885e-05
beginner,1,7.266913741733885e-05
reasoning,10,0.0007266913741733886
emerges,1,7.266913741733885e-05
_triangularity_,1,7.266913741733885e-05
choose,3,0.00021800741225201656
patch,10,0.0007266913741733886
resemblance,10,0.0007266913741733886
chosen,1,7.266913741733885e-05
pairs,4,0.0002906765496693554
resemblances,1,7.266913741733885e-05
invent,2,0.0001453382748346777
unplausible,1,7.266913741733885e-05
admission,2,0.0001453382748346777
triangularity,1,7.266913741733885e-05
failed,2,0.0001453382748346777
refutation,2,0.0001453382748346777
rejection,1,7.266913741733885e-05
adversaries,1,7.266913741733885e-05
deductions,3,0.00021800741225201656
touched,2,0.0001453382748346777
edinburgh,9,0.0006540222367560497
north,11,0.0007993605115907274
subsists,2,0.0001453382748346777
coming,1,7.266913741733885e-05
south,1,7.266913741733885e-05
decided,3,0.00021800741225201656
presupposed,1,7.266913741733885e-05
relates,6,0.0004360148245040331
apprehends,1,7.266913741733885e-05
met,3,0.00021800741225201656
nowhen,1,7.266913741733885e-05
peculiar,1,7.266913741733885e-05
ambiguity,3,0.00021800741225201656
strict,4,0.0002906765496693554
_object_,2,0.0001453382748346777
guarded,1,7.266913741733885e-05
rob,1,7.266913741733885e-05
convenient,1,7.266913741733885e-05
_existing_,1,7.266913741733885e-05
excluding,1,7.266913741733885e-05
_subsist_,1,7.266913741733885e-05
_have,1,7.266913741733885e-05
being_,1,7.266913741733885e-05
timeless,1,7.266913741733885e-05
rigid,1,7.266913741733885e-05
exact,1,7.266913741733885e-05
delightful,1,7.266913741733885e-05
mathematician,3,0.00021800741225201656
logician,1,7.266913741733885e-05
builder,1,7.266913741733885e-05
systems,2,0.0001453382748346777
love,11,0.0007993605115907274
perfection,1,7.266913741733885e-05
sharp,1,7.266913741733885e-05
boundaries,2,0.0001453382748346777
plan,2,0.0001453382748346777
harm,1,7.266913741733885e-05
temperaments,1,7.266913741733885e-05
prefer,4,0.0002906765496693554
contemplation,13,0.0009446987864254052
shadow,1,7.266913741733885e-05
claim,5,0.0003633456870866943
impartial,1,7.266913741733885e-05
metaphysician,2,0.0001453382748346777
solves,1,7.266913741733885e-05
divided,1,7.266913741733885e-05
sweet,1,7.266913741733885e-05
sour,1,7.266913741733885e-05
loud,1,7.266913741733885e-05
learning,3,0.00021800741225201656
effort,4,0.0002906765496693554
abstraction,4,0.0002906765496693554
easiest,1,7.266913741733885e-05
complex,33,0.002398081534772182
glance,1,7.266913741733885e-05
successively,1,7.266913741733885e-05
chime,3,0.00021800741225201656
bells,2,0.0001453382748346777
bell,1,7.266913741733885e-05
retain,1,7.266913741733885e-05
sources,3,0.00021800741225201656
abstracted,1,7.266913741733885e-05
green,6,0.0004360148245040331
greens,1,7.266913741733885e-05
_resemblance_,1,7.266913741733885e-05
_similarity_,1,7.266913741733885e-05
returning,1,7.266913741733885e-05
unsolved,1,7.266913741733885e-05
satisfactory,2,0.0001453382748346777
revert,1,7.266913741733885e-05
endeavour,3,0.00021800741225201656
_all,1,7.266913741733885e-05
deals,3,0.00021800741225201656
universals_,1,7.266913741733885e-05
solving,1,7.266913741733885e-05
untrue,3,0.00021800741225201656
formed,3,0.00021800741225201656
twos,2,0.0001453382748346777
interpret,1,7.266913741733885e-05
infinitely,3,0.00021800741225201656
numerous,1,7.266913741733885e-05
_implies_,1,7.266913741733885e-05
_as,1,7.266913741733885e-05
couples_,1,7.266913741733885e-05
couple,3,0.00021800741225201656
reflecting,1,7.266913741733885e-05
anticipate,1,7.266913741733885e-05
_no_,1,7.266913741733885e-05
serve,1,7.266913741733885e-05
contrast,1,7.266913741733885e-05
genuine,2,0.0001453382748346777
_understand_,1,7.266913741733885e-05
_man_,3,0.00021800741225201656
_mortal_,2,0.0001453382748346777
_meaning_,2,0.0001453382748346777
_evidence_,1,7.266913741733885e-05
physiology,1,7.266913741733885e-05
govern,2,0.0001453382748346777
_mortality_,1,7.266913741733885e-05
_men_,1,7.266913741733885e-05
subsumed,1,7.266913741733885e-05
wider,2,0.0001453382748346777
extensive,1,7.266913741733885e-05
progress,1,7.266913741733885e-05
producing,1,7.266913741733885e-05
subsumptions,1,7.266913741733885e-05
_degree_,1,7.266913741733885e-05
_kind_,1,7.266913741733885e-05
arrived,1,7.266913741733885e-05
subsequently,1,7.266913741733885e-05
perpendiculars,3,0.00021800741225201656
multiplied,3,0.00021800741225201656
_product_,1,7.266913741733885e-05
integers,6,0.0004360148245040331
100,3,0.00021800741225201656
recorded,1,7.266913741733885e-05
multiplication,1,7.266913741733885e-05
finite,3,0.00021800741225201656
products,1,7.266913741733885e-05
undeniable,1,7.266913741733885e-05
derivative,15,0.0010900370612600828
_intuitive_,2,0.0001453382748346777
_self,2,0.0001453382748346777
evident_,2,0.0001453382748346777
_derivative_,2,0.0001453382748346777
intuitive,21,0.001526051885764116
_error_,3,0.00021800741225201656
mark,2,0.0001453382748346777
xi,2,0.0001453382748346777
impression,1,7.266913741733885e-05
highly,4,0.0002906765496693554
unreasonable,2,0.0001453382748346777
forgotten,1,7.266913741733885e-05
consciously,2,0.0001453382748346777
insistent,1,7.266913741733885e-05
discoverable,4,0.0002906765496693554
starting,2,0.0001453382748346777
luminously,1,7.266913741733885e-05
poisonous,1,7.266913741733885e-05
regress,1,7.266913741733885e-05
leads,2,0.0001453382748346777
constructing,1,7.266913741733885e-05
demonstration,2,0.0001453382748346777
rest,6,0.0004360148245040331
disputable,1,7.266913741733885e-05
pursue,1,7.266913741733885e-05
rose,4,0.0002906765496693554
pink,1,7.266913741733885e-05
practised,1,7.266913741733885e-05
abstractions,1,7.266913741733885e-05
grasp,1,7.266913741733885e-05
brightness,1,7.266913741733885e-05
surrounded,1,7.266913741733885e-05
coalesce,1,7.266913741733885e-05
_existence_,2,0.0001453382748346777
_round_,1,7.266913741733885e-05
differs,2,0.0001453382748346777
analyses,1,7.266913741733885e-05
recombines,1,7.266913741733885e-05
analogous,1,7.266913741733885e-05
danger,1,7.266913741733885e-05
accompanied,1,7.266913741733885e-05
noticing,1,7.266913741733885e-05
extent,7,0.000508683961921372
compare,1,7.266913741733885e-05
wide,3,0.00021800741225201656
accurate,1,7.266913741733885e-05
throws,1,7.266913741733885e-05
trustworthiness,5,0.0003633456870866943
trustworthy,2,0.0001453382748346777
proportion,2,0.0001453382748346777
vividness,2,0.0001453382748346777
nearness,1,7.266913741733885e-05
struck,1,7.266913741733885e-05
minute,2,0.0001453382748346777
reliable,1,7.266913741733885e-05
flash,1,7.266913741733885e-05
vivid,2,0.0001453382748346777
ate,1,7.266913741733885e-05
breakfast,3,0.00021800741225201656
indifferent,2,0.0001453382748346777
conversation,1,7.266913741733885e-05
continual,2,0.0001453382748346777
gradation,5,0.0003633456870866943
degrees,8,0.0005813530993387108
reaching,2,0.0001453382748346777
perfect,3,0.00021800741225201656
george,1,7.266913741733885e-05
waterloo,1,7.266913741733885e-05
gradations,1,7.266913741733885e-05
ranging,1,7.266913741733885e-05
faintness,1,7.266913741733885e-05
memories,2,0.0001453382748346777
diminishing,2,0.0001453382748346777
remoter,1,7.266913741733885e-05
fainter,1,7.266913741733885e-05
aesthetic,1,7.266913741733885e-05
conflict,1,7.266913741733885e-05
retained,1,7.266913741733885e-05
notions,1,7.266913741733885e-05
combined,2,0.0001453382748346777
infallible,3,0.00021800741225201656
guarantee,6,0.0004360148245040331
presumption,1,7.266913741733885e-05
suggestion,1,7.266913741733885e-05
xii,1,7.266913741733885e-05
confine,1,7.266913741733885e-05
deceptive,1,7.266913741733885e-05
dualism,2,0.0001453382748346777
incompatible,1,7.266913741733885e-05
opinions,3,0.00021800741225201656
_mean_,2,0.0001453382748346777
hoped,1,7.266913741733885e-05
produce,4,0.0002906765496693554
observe,1,7.266913741733885e-05
discover,5,0.0003633456870866943
requisites,3,0.00021800741225201656
adequately,1,7.266913741733885e-05
condition,2,0.0001453382748346777
constructed,1,7.266913741733885e-05
correlative,1,7.266913741733885e-05
falsehoods,2,0.0001453382748346777
lies,1,7.266913741733885e-05
scaffold,1,7.266913741733885e-05
centuries,1,7.266913741733885e-05
bed,1,7.266913741733885e-05
arriving,1,7.266913741733885e-05
prevents,2,0.0001453382748346777
internal,2,0.0001453382748346777
irrefutable,1,7.266913741733885e-05
_coherence_,2,0.0001453382748346777
cohere,1,7.266913741733885e-05
rounded,1,7.266913741733885e-05
_one_,1,7.266913741733885e-05
coherent,8,0.0005813530993387108
novelist,1,7.266913741733885e-05
uncommon,1,7.266913741733885e-05
rival,1,7.266913741733885e-05
coherence,8,0.0005813530993387108
incoherent,2,0.0001453382748346777
subjected,2,0.0001453382748346777
skeleton,1,7.266913741733885e-05
framework,1,7.266913741733885e-05
accepted,4,0.0002906765496693554
_test_,1,7.266913741733885e-05
_correspondence,1,7.266913741733885e-05
fact_,1,7.266913741733885e-05
constituting,1,7.266913741733885e-05
define,2,0.0001453382748346777
precisely,1,7.266913741733885e-05
subsist,4,0.0002906765496693554
allowing,1,7.266913741733885e-05
othello,20,0.0014533827483467771
desdemona,32,0.0023254123973548433
loves,18,0.0013080444735120995
cassio,28,0.002034735847685488
york,1,7.266913741733885e-05
_jealousy_,1,7.266913741733885e-05
promote,1,7.266913741733885e-05
marriage,1,7.266913741733885e-05
indefinitely,1,7.266913741733885e-05
_judging_,1,7.266913741733885e-05
_believing_,1,7.266913741733885e-05
duly,1,7.266913741733885e-05
allowed,1,7.266913741733885e-05
objective,1,7.266913741733885e-05
refutable,1,7.266913741733885e-05
avoided,1,7.266913741733885e-05
easier,2,0.0001453382748346777
severally,2,0.0001453382748346777
loving,7,0.000508683961921372
_each_,1,7.266913741733885e-05
knits,1,7.266913741733885e-05
entertaining,1,7.266913741733885e-05
knitting,2,0.0001453382748346777
_act_,1,7.266913741733885e-05
distinguishes,1,7.266913741733885e-05
definitions,1,7.266913741733885e-05
_subject_,1,7.266913741733885e-05
remaining,3,0.00021800741225201656
_objects_,3,0.00021800741225201656
_constituents_,1,7.266913741733885e-05
metaphorically,1,7.266913741733885e-05
inflected,1,7.266913741733885e-05
inflections,1,7.266913741733885e-05
nominative,1,7.266913741733885e-05
accusative,1,7.266913741733885e-05
host,1,7.266913741733885e-05
aspect,2,0.0001453382748346777
spoke,1,7.266913741733885e-05
unites,1,7.266913741733885e-05
union,6,0.0004360148245040331
uniting,1,7.266913741733885e-05
creates,1,7.266913741733885e-05
unity,12,0.0008720296490080662
consisting,3,0.00021800741225201656
brick,1,7.266913741733885e-05
structure,1,7.266913741733885e-05
cement,3,0.00021800741225201656
binds,1,7.266913741733885e-05
_false_,2,0.0001453382748346777
_falsely_,1,7.266913741733885e-05
_corresponds_,1,7.266913741733885e-05
definiteness,1,7.266913741733885e-05
extrinsic,1,7.266913741733885e-05
ensures,2,0.0001453382748346777
absence,2,0.0001453382748346777
entails,1,7.266913741733885e-05
_truth_,1,7.266913741733885e-05
restate,1,7.266913741733885e-05
_object,2,0.0001453382748346777
terms_,1,7.266913741733885e-05
relation_,1,7.266913741733885e-05
_fact,1,7.266913741733885e-05
belief_,1,7.266913741733885e-05
_create_,1,7.266913741733885e-05
created,4,0.0002906765496693554
catching,1,7.266913741733885e-05
trains,1,7.266913741733885e-05
_fact_,2,0.0001453382748346777
xiii,1,7.266913741733885e-05
inquire,1,7.266913741733885e-05
_know_,5,0.0003633456870866943
attack,1,7.266913741733885e-05
defined,1,7.266913741733885e-05
achieved,4,0.0002906765496693554
accord,1,7.266913741733885e-05
late,6,0.0004360148245040331
prime,6,0.0004360148245040331
minister,6,0.0004360148245040331
sir,1,7.266913741733885e-05
henry,1,7.266913741733885e-05
campbell,1,7.266913741733885e-05
bannerman,1,7.266913741733885e-05
balfour,2,0.0001453382748346777
newspaper,3,0.00021800741225201656
intelligent,1,7.266913741733885e-05
anticipation,1,7.266913741733885e-05
announces,2,0.0001453382748346777
telegram,1,7.266913741733885e-05
received,6,0.0004360148245040331
fortune,1,7.266913741733885e-05
readers,1,7.266913741733885e-05
greeks,1,7.266913741733885e-05
greek,2,0.0001453382748346777
validly,4,0.0002906765496693554
_known_,2,0.0001453382748346777
conclusions,2,0.0001453382748346777
amend,1,7.266913741733885e-05
intuitively,1,7.266913741733885e-05
formal,1,7.266913741733885e-05
defect,4,0.0002906765496693554
leaving,2,0.0001453382748346777
grown,2,0.0001453382748346777
newspapers,1,7.266913741733885e-05
death,2,0.0001453382748346777
king,4,0.0002906765496693554
dead,2,0.0001453382748346777
announcement,1,7.266913741733885e-05
amply,1,7.266913741733885e-05
news,1,7.266913741733885e-05
child,1,7.266913741733885e-05
letters,4,0.0002906765496693554
painfully,1,7.266913741733885e-05
realization,1,7.266913741733885e-05
accustomed,2,0.0001453382748346777
passes,1,7.266913741733885e-05
printed,3,0.00021800741225201656
_could_,1,7.266913741733885e-05
reader,2,0.0001453382748346777
passage,1,7.266913741733885e-05
obtaining,3,0.00021800741225201656
runs,1,7.266913741733885e-05
renders,2,0.0001453382748346777
conception,5,0.0003633456870866943
merges,1,7.266913741733885e-05
sought,4,0.0002906765496693554
criterion,1,7.266913741733885e-05
infected,1,7.266913741733885e-05
mitigate,1,7.266913741733885e-05
infallibility,1,7.266913741733885e-05
_knowledge_,2,0.0001453382748346777
fulfils,1,7.266913741733885e-05
_perception_,1,7.266913741733885e-05
widest,4,0.0002906765496693554
hour,2,0.0001453382748346777
sunset,1,7.266913741733885e-05
setting,2,0.0001453382748346777
weather,1,7.266913741733885e-05
fine,1,7.266913741733885e-05
west,2,0.0001453382748346777
judged,2,0.0001453382748346777
combine,1,7.266913741733885e-05
relate,1,7.266913741733885e-05
privacy,2,0.0001453382748346777
_absolutely_,1,7.266913741733885e-05
shining,3,0.00021800741225201656
analyse,1,7.266913741733885e-05
commit,1,7.266913741733885e-05
inclination,1,7.266913741733885e-05
trotting,1,7.266913741733885e-05
hoofs,1,7.266913741733885e-05
listen,2,0.0001453382748346777
intently,1,7.266913741733885e-05
upstairs,1,7.266913741733885e-05
heartbeats,1,7.266913741733885e-05
comparing,1,7.266913741733885e-05
altered,1,7.266913741733885e-05
greeny,1,7.266913741733885e-05
tuning,1,7.266913741733885e-05
musical,1,7.266913741733885e-05
instrument,1,7.266913741733885e-05
continuous,1,7.266913741733885e-05
trusted,1,7.266913741733885e-05
axioms,3,0.00021800741225201656
step,1,7.266913741733885e-05
errors,2,0.0001453382748346777
noteworthy,1,7.266913741733885e-05
opposites,1,7.266913741733885e-05
psychologically,1,7.266913741733885e-05
hesitatingly,1,7.266913741733885e-05
_probable,1,7.266913741733885e-05
opinion_,1,7.266913741733885e-05
_criterion_,1,7.266913741733885e-05
individually,2,0.0001453382748346777
mutually,1,7.266913741733885e-05
isolation,1,7.266913741733885e-05
introduce,1,7.266913741733885e-05
pretty,1,7.266913741733885e-05
night,2,0.0001453382748346777
days,5,0.0003633456870866943
condemns,1,7.266913741733885e-05
confirms,1,7.266913741733885e-05
increases,2,0.0001453382748346777
transform,1,7.266913741733885e-05
xiv,1,7.266913741733885e-05
profess,1,7.266913741733885e-05
dogmas,1,7.266913741733885e-05
religion,1,7.266913741733885e-05
rationality,1,7.266913741733885e-05
illusoriness,1,7.266913741733885e-05
unreality,2,0.0001453382748346777
evil,5,0.0003633456870866943
theses,1,7.266913741733885e-05
inspiration,1,7.266913741733885e-05
vain,1,7.266913741733885e-05
proposed,1,7.266913741733885e-05
proofs,2,0.0001453382748346777
surviving,1,7.266913741733885e-05
representative,1,7.266913741733885e-05
hegel,8,0.0005813530993387108
1770,1,7.266913741733885e-05
1831,1,7.266913741733885e-05
commentators,2,0.0001453382748346777
interpretation,2,0.0001453382748346777
type,1,7.266913741733885e-05
thesis,1,7.266913741733885e-05
short,1,7.266913741733885e-05
fragmentary,3,0.00021800741225201656
complement,1,7.266913741733885e-05
supplied,1,7.266913741733885e-05
comparative,1,7.266913741733885e-05
anatomist,1,7.266913741733885e-05
bone,1,7.266913741733885e-05
animal,1,7.266913741733885e-05
outlines,1,7.266913741733885e-05
hooks,2,0.0001453382748346777
grapple,1,7.266913741733885e-05
reconstructed,1,7.266913741733885e-05
incompleteness,3,0.00021800741225201656
forget,1,7.266913741733885e-05
antithesis,3,0.00021800741225201656
escape,4,0.0002906765496693554
synthesis,2,0.0001453382748346777
original,2,0.0001453382748346777
started,1,7.266913741733885e-05
advances,1,7.266913741733885e-05
development,1,7.266913741733885e-05
surveys,1,7.266913741733885e-05
spiritual,3,0.00021800741225201656
piecemeal,2,0.0001453382748346777
striving,1,7.266913741733885e-05
struggling,1,7.266913741733885e-05
disappear,1,7.266913741733885e-05
eternal,1,7.266913741733885e-05
unchanging,1,7.266913741733885e-05
undeniably,1,7.266913741733885e-05
sublime,1,7.266913741733885e-05
yield,1,7.266913741733885e-05
unwarrantable,1,7.266913741733885e-05
assumptions,1,7.266913741733885e-05
tenet,1,7.266913741733885e-05
subsistent,1,7.266913741733885e-05
hatreds,1,7.266913741733885e-05
hates,1,7.266913741733885e-05
fragment,1,7.266913741733885e-05
connects,1,7.266913741733885e-05
usage,1,7.266913741733885e-05
toothache,1,7.266913741733885e-05
dentist,1,7.266913741733885e-05
_seems_,1,7.266913741733885e-05
relational,1,7.266913741733885e-05
characters,2,0.0001453382748346777
remote,1,7.266913741733885e-05
disappointing,1,7.266913741733885e-05
hopes,3,0.00021800741225201656
harmony,1,7.266913741733885e-05
temper,1,7.266913741733885e-05
borne,1,7.266913741733885e-05
ambitious,1,7.266913741733885e-05
metaphysicians,2,0.0001453382748346777
proceeded,1,7.266913741733885e-05
features,1,7.266913741733885e-05
tendency,2,0.0001453382748346777
illusory,1,7.266913741733885e-05
afforded,1,7.266913741733885e-05
divisible,2,0.0001453382748346777
forwards,1,7.266913741733885e-05
halved,2,0.0001453382748346777
halves,1,7.266913741733885e-05
_ad,1,7.266913741733885e-05
infinitum_,1,7.266913741733885e-05
elapse,1,7.266913741733885e-05
moments,2,0.0001453382748346777
divisibility,1,7.266913741733885e-05
tending,1,7.266913741733885e-05
collections,3,0.00021800741225201656
instants,1,7.266913741733885e-05
emerged,1,7.266913741733885e-05
emphasized,1,7.266913741733885e-05
declared,1,7.266913741733885e-05
mathematicians,3,0.00021800741225201656
georg,1,7.266913741733885e-05
cantor,1,7.266913741733885e-05
mistake,1,7.266913741733885e-05
obstinate,1,7.266913741733885e-05
prejudices,7,0.000508683961921372
inoperative,1,7.266913741733885e-05
constructions,1,7.266913741733885e-05
dried,1,7.266913741733885e-05
euclid,1,7.266913741733885e-05
loosen,1,7.266913741733885e-05
live,1,7.266913741733885e-05
euclidean,2,0.0001453382748346777
measure,3,0.00021800741225201656
reversed,1,7.266913741733885e-05
partially,1,7.266913741733885e-05
decides,1,7.266913741733885e-05
enormously,1,7.266913741733885e-05
walls,1,7.266913741733885e-05
nook,1,7.266913741733885e-05
cranny,1,7.266913741733885e-05
explored,1,7.266913741733885e-05
directions,1,7.266913741733885e-05
prescribe,1,7.266913741733885e-05
broken,1,7.266913741733885e-05
bar,1,7.266913741733885e-05
liberator,1,7.266913741733885e-05
alternatives,1,7.266913741733885e-05
closed,1,7.266913741733885e-05
unreflective,1,7.266913741733885e-05
task,1,7.266913741733885e-05
deciding,1,7.266913741733885e-05
decision,1,7.266913741733885e-05
choice,1,7.266913741733885e-05
descend,1,7.266913741733885e-05
combination,1,7.266913741733885e-05
wisdom,2,0.0001453382748346777
examines,1,7.266913741733885e-05
searches,1,7.266913741733885e-05
inconsistencies,1,7.266913741733885e-05
accepts,1,7.266913741733885e-05
disengaged,1,7.266913741733885e-05
revealed,1,7.266913741733885e-05
bolder,1,7.266913741733885e-05
seldom,1,7.266913741733885e-05
possess,1,7.266913741733885e-05
_criticism_,1,7.266913741733885e-05
impose,1,7.266913741733885e-05
limitation,4,0.0002906765496693554
attitude,1,7.266913741733885e-05
sceptic,1,7.266913741733885e-05
placing,1,7.266913741733885e-05
circle,4,0.0002906765496693554
demanding,1,7.266913741733885e-05
disputants,1,7.266913741733885e-05
blank,1,7.266913741733885e-05
employs,1,7.266913741733885e-05
destructive,1,7.266913741733885e-05
_logical_,1,7.266913741733885e-05
methodical,2,0.0001453382748346777
consisted,1,7.266913741733885e-05
pausing,1,7.266913741733885e-05
calmly,2,0.0001453382748346777
abstain,1,7.266913741733885e-05
melt,1,7.266913741733885e-05
bid,1,7.266913741733885e-05
advocates,1,7.266913741733885e-05
aimed,1,7.266913741733885e-05
determines,1,7.266913741733885e-05
merits,1,7.266913741733885e-05
completed,1,7.266913741733885e-05
risk,3,0.00021800741225201656
fallible,1,7.266913741733885e-05
justly,1,7.266913741733885e-05
diminishes,1,7.266913741733885e-05
negligible,1,7.266913741733885e-05
mistakes,1,7.266913741733885e-05
prudent,1,7.266913741733885e-05
advocate,1,7.266913741733885e-05
xv,1,7.266913741733885e-05
review,1,7.266913741733885e-05
studied,2,0.0001453382748346777
influence,1,7.266913741733885e-05
affairs,1,7.266913741733885e-05
innocent,1,7.266913741733885e-05
trifling,1,7.266913741733885e-05
hair,1,7.266913741733885e-05
splitting,1,7.266913741733885e-05
strives,1,7.266913741733885e-05
achieve,1,7.266913741733885e-05
inventions,1,7.266913741733885e-05
ignorant,1,7.266913741733885e-05
recommended,2,0.0001453382748346777
student,2,0.0001453382748346777
indirectly,2,0.0001453382748346777
effects,2,0.0001453382748346777
recognizes,1,7.266913741733885e-05
oblivious,1,7.266913741733885e-05
providing,5,0.0003633456870866943
poverty,1,7.266913741733885e-05
disease,1,7.266913741733885e-05
lowest,1,7.266913741733885e-05
society,1,7.266913741733885e-05
persuaded,1,7.266913741733885e-05
waste,1,7.266913741733885e-05
studies,1,7.266913741733885e-05
aims,3,0.00021800741225201656
success,1,7.266913741733885e-05
provide,8,0.0005813530993387108
mineralogist,1,7.266913741733885e-05
historian,1,7.266913741733885e-05
ascertained,1,7.266913741733885e-05
candid,1,7.266913741733885e-05
confess,1,7.266913741733885e-05
heavens,1,7.266913741733885e-05
newton,1,7.266913741733885e-05
separated,1,7.266913741733885e-05
psychology,1,7.266913741733885e-05
uncertainty,3,0.00021800741225201656
residue,1,7.266913741733885e-05
profoundest,1,7.266913741733885e-05
insoluble,1,7.266913741733885e-05
intellect,5,0.0003633456870866943
powers,1,7.266913741733885e-05
fortuitous,1,7.266913741733885e-05
concourse,1,7.266913741733885e-05
atoms,1,7.266913741733885e-05
growth,2,0.0001453382748346777
transitory,1,7.266913741733885e-05
accident,1,7.266913741733885e-05
planet,1,7.266913741733885e-05
variously,1,7.266913741733885e-05
demonstrably,1,7.266913741733885e-05
approaches,1,7.266913741733885e-05
alive,2,0.0001453382748346777
speculative,1,7.266913741733885e-05
killed,1,7.266913741733885e-05
confining,1,7.266913741733885e-05
ascertainable,2,0.0001453382748346777
religious,2,0.0001453382748346777
methods,2,0.0001453382748346777
limitations,1,7.266913741733885e-05
unwise,1,7.266913741733885e-05
pronounce,1,7.266913741733885e-05
investigations,1,7.266913741733885e-05
astray,1,7.266913741733885e-05
renounce,1,7.266913741733885e-05
include,3,0.00021800741225201656
tincture,1,7.266913741733885e-05
imprisoned,1,7.266913741733885e-05
habitual,1,7.266913741733885e-05
nation,1,7.266913741733885e-05
consent,1,7.266913741733885e-05
deliberate,1,7.266913741733885e-05
rouse,1,7.266913741733885e-05
unfamiliar,2,0.0001453382748346777
contemptuously,1,7.266913741733885e-05
philosophize,1,7.266913741733885e-05
everyday,1,7.266913741733885e-05
enlarge,3,0.00021800741225201656
tyranny,1,7.266913741733885e-05
custom,1,7.266913741733885e-05
removes,1,7.266913741733885e-05
arrogant,1,7.266913741733885e-05
dogmatism,1,7.266913741733885e-05
liberating,1,7.266913741733885e-05
unsuspected,1,7.266913741733885e-05
greatness,5,0.0003633456870866943
contemplates,3,0.00021800741225201656
freedom,4,0.0002906765496693554
personal,4,0.0002906765496693554
family,1,7.266913741733885e-05
friends,2,0.0001453382748346777
hinder,1,7.266913741733885e-05
feverish,1,7.266913741733885e-05
philosophic,8,0.0005813530993387108
calm,1,7.266913741733885e-05
midst,1,7.266913741733885e-05
lay,1,7.266913741733885e-05
garrison,1,7.266913741733885e-05
beleagured,1,7.266913741733885e-05
fortress,1,7.266913741733885e-05
surrender,1,7.266913741733885e-05
inevitable,1,7.266913741733885e-05
peace,1,7.266913741733885e-05
strife,2,0.0001453382748346777
insistence,2,0.0001453382748346777
powerlessness,1,7.266913741733885e-05
prison,2,0.0001453382748346777
divide,1,7.266913741733885e-05
hostile,2,0.0001453382748346777
camps,1,7.266913741733885e-05
foes,1,7.266913741733885e-05
helpful,1,7.266913741733885e-05
impartially,1,7.266913741733885e-05
unalloyed,2,0.0001453382748346777
aim,1,7.266913741733885e-05
akin,1,7.266913741733885e-05
acquisition,1,7.266913741733885e-05
enlargement,4,0.0002906765496693554
operative,1,7.266913741733885e-05
adapts,1,7.266913741733885e-05
alien,1,7.266913741733885e-05
obstacle,1,7.266913741733885e-05
sets,1,7.266913741733885e-05
bounds,1,7.266913741733885e-05
enlarged,1,7.266913741733885e-05
infinity,2,0.0001453382748346777
achieves,1,7.266913741733885e-05
soul,1,7.266913741733885e-05
fostered,1,7.266913741733885e-05
assimilate,1,7.266913741733885e-05
impaired,1,7.266913741733885e-05
dominion,1,7.266913741733885e-05
force,1,7.266913741733885e-05
conformity,1,7.266913741733885e-05
widespread,2,0.0001453382748346777
robbing,1,7.266913741733885e-05
fetters,1,7.266913741733885e-05
habits,1,7.266913741733885e-05
impenetrable,1,7.266913741733885e-05
veil,1,7.266913741733885e-05
fear,1,7.266913741733885e-05
satisfaction,1,7.266913741733885e-05
magnifies,1,7.266913741733885e-05
contemplated,1,7.266913741733885e-05
contemplating,1,7.266913741733885e-05
distorts,1,7.266913741733885e-05
impairs,1,7.266913741733885e-05
barrier,1,7.266913741733885e-05
_here_,1,7.266913741733885e-05
_now_,1,7.266913741733885e-05
fears,2,0.0001453382748346777
trammels,1,7.266913741733885e-05
customary,1,7.266913741733885e-05
traditional,1,7.266913741733885e-05
dispassionately,1,7.266913741733885e-05
exclusive,2,0.0001453382748346777
impersonal,1,7.266913741733885e-05
contemplative,1,7.266913741733885e-05
attain,1,7.266913741733885e-05
accidents,1,7.266913741733885e-05
enter,1,7.266913741733885e-05
distort,1,7.266913741733885e-05
impartiality,3,0.00021800741225201656
emotion,2,0.0001453382748346777
infinitesimal,1,7.266913741733885e-05
fragments,1,7.266913741733885e-05
unaffected,1,7.266913741733885e-05
deeds,1,7.266913741733885e-05
admirable,1,7.266913741733885e-05
enlarges,1,7.266913741733885e-05
affections,1,7.266913741733885e-05
citizens,1,7.266913741733885e-05
walled,1,7.266913741733885e-05
city,2,0.0001453382748346777
citizenship,1,7.266913741733885e-05
liberation,1,7.266913741733885e-05
thraldom,1,7.266913741733885e-05
enrich,1,7.266913741733885e-05
intellectual,3,0.00021800741225201656
diminish,1,7.266913741733885e-05
dogmatic,1,7.266913741733885e-05
assurance,1,7.266913741733885e-05
closes,1,7.266913741733885e-05
bibliographical,1,7.266913741733885e-05
note,1,7.266913741733885e-05
elementary,1,7.266913741733885e-05
profitable,1,7.266913741733885e-05
handbooks,1,7.266913741733885e-05
specially,1,7.266913741733885e-05
_republic_,1,7.266913741733885e-05
_meditations_,1,7.266913741733885e-05
_ethics_,1,7.266913741733885e-05
monadology_,1,7.266913741733885e-05
philonous_,1,7.266913741733885e-05
_enquiry,1,7.266913741733885e-05
understanding_,1,7.266913741733885e-05
_prolegomena,1,7.266913741733885e-05
metaphysic_,1,7.266913741733885e-05
editions,4,0.0002906765496693554
renamed,1,7.266913741733885e-05
creating,4,0.0002906765496693554
protected,5,0.0003633456870866943
copyright,20,0.0014533827483467771
owns,2,0.0001453382748346777
distribute,6,0.0004360148245040331
permission,6,0.0004360148245040331
paying,3,0.00021800741225201656
royalties,3,0.00021800741225201656
copying,4,0.0002906765496693554
distributing,7,0.000508683961921372
electronic,27,0.001962066710268149
protect,2,0.0001453382748346777
concept,2,0.0001453382748346777
trademark,14,0.001017367923842744
registered,2,0.0001453382748346777
charge,6,0.0004360148245040331
including,9,0.0006540222367560497
copies,7,0.000508683961921372
complying,3,0.00021800741225201656
creation,1,7.266913741733885e-05
reports,1,7.266913741733885e-05
performances,1,7.266913741733885e-05
ebooks,7,0.000508683961921372
redistribution,2,0.0001453382748346777
commercial,1,7.266913741733885e-05
mission,4,0.0002906765496693554
promoting,2,0.0001453382748346777
comply,6,0.0004360148245040331
file,1,7.266913741733885e-05
redistributing,2,0.0001453382748346777
abide,1,7.266913741733885e-05
destroy,2,0.0001453382748346777
possession,1,7.266913741733885e-05
paid,6,0.0004360148245040331
fee,8,0.0005813530993387108
access,10,0.0007266913741733886
refund,10,0.0007266913741733886
paragraph,11,0.0007993605115907274
8,4,0.0002906765496693554
lot,1,7.266913741733885e-05
literary,13,0.0009446987864254052
archive,13,0.0009446987864254052
pglaf,1,7.266913741733885e-05
compilation,1,7.266913741733885e-05
domain,2,0.0001453382748346777
unprotected,1,7.266913741733885e-05
prevent,1,7.266913741733885e-05
performing,3,0.00021800741225201656
displaying,4,0.0002906765496693554
references,2,0.0001453382748346777
sharing,1,7.266913741733885e-05
compliance,5,0.0003633456870866943
keeping,2,0.0001453382748346777
format,4,0.0002906765496693554
attached,1,7.266913741733885e-05
countries,1,7.266913741733885e-05
downloading,1,7.266913741733885e-05
representations,1,7.266913741733885e-05
status,4,0.0002906765496693554
active,2,0.0001453382748346777
links,3,0.00021800741225201656
accessed,1,7.266913741733885e-05
displayed,1,7.266913741733885e-05
copied,2,0.0001453382748346777
distributed,4,0.0002906765496693554
texts,1,7.266913741733885e-05
indicating,1,7.266913741733885e-05
posted,4,0.0002906765496693554
holder,4,0.0002906765496693554
fees,4,0.0002906765496693554
appearing,1,7.266913741733885e-05
requirements,4,0.0002906765496693554
paragraphs,3,0.00021800741225201656
9,3,0.00021800741225201656
additional,3,0.00021800741225201656
linked,1,7.266913741733885e-05
4,5,0.0003633456870866943
unlink,1,7.266913741733885e-05
detach,1,7.266913741733885e-05
files,1,7.266913741733885e-05
display,1,7.266913741733885e-05
redistribute,1,7.266913741733885e-05
6,2,0.0001453382748346777
convert,1,7.266913741733885e-05
binary,1,7.266913741733885e-05
compressed,1,7.266913741733885e-05
marked,2,0.0001453382748346777
nonproprietary,1,7.266913741733885e-05
proprietary,1,7.266913741733885e-05
processing,1,7.266913741733885e-05
hypertext,1,7.266913741733885e-05
vanilla,2,0.0001453382748346777
ascii,2,0.0001453382748346777
official,3,0.00021800741225201656
version,1,7.266913741733885e-05
expense,1,7.266913741733885e-05
user,3,0.00021800741225201656
exporting,1,7.266913741733885e-05
request,1,7.266913741733885e-05
alternate,1,7.266913741733885e-05
viewing,1,7.266913741733885e-05
pay,1,7.266913741733885e-05
royalty,3,0.00021800741225201656
20,1,7.266913741733885e-05
profits,1,7.266913741733885e-05
calculated,1,7.266913741733885e-05
calculate,1,7.266913741733885e-05
taxes,1,7.266913741733885e-05
owed,1,7.266913741733885e-05
owner,4,0.0002906765496693554
donate,5,0.0003633456870866943
payments,3,0.00021800741225201656
60,1,7.266913741733885e-05
prepare,2,0.0001453382748346777
legally,1,7.266913741733885e-05
periodic,1,7.266913741733885e-05
tax,6,0.0004360148245040331
returns,1,7.266913741733885e-05
address,1,7.266913741733885e-05
donations,15,0.0010900370612600828
money,3,0.00021800741225201656
notifies,1,7.266913741733885e-05
mail,1,7.266913741733885e-05
30,1,7.266913741733885e-05
receipt,2,0.0001453382748346777
possessed,1,7.266913741733885e-05
discontinue,1,7.266913741733885e-05
replacement,5,0.0003633456870866943
reported,1,7.266913741733885e-05
90,2,0.0001453382748346777
manager,1,7.266913741733885e-05
volunteers,5,0.0003633456870866943
employees,1,7.266913741733885e-05
expend,1,7.266913741733885e-05
transcribe,1,7.266913741733885e-05
proofread,1,7.266913741733885e-05
efforts,3,0.00021800741225201656
stored,1,7.266913741733885e-05
defects,1,7.266913741733885e-05
inaccurate,1,7.266913741733885e-05
corrupt,1,7.266913741733885e-05
transcription,1,7.266913741733885e-05
infringement,1,7.266913741733885e-05
defective,3,0.00021800741225201656
damaged,1,7.266913741733885e-05
disk,1,7.266913741733885e-05
virus,1,7.266913741733885e-05
codes,1,7.266913741733885e-05
damage,2,0.0001453382748346777
equipment,3,0.00021800741225201656
warranty,2,0.0001453382748346777
disclaimer,3,0.00021800741225201656
damages,4,0.0002906765496693554
party,1,7.266913741733885e-05
disclaim,1,7.266913741733885e-05
liability,3,0.00021800741225201656
costs,2,0.0001453382748346777
expenses,2,0.0001453382748346777
legal,2,0.0001453382748346777
remedies,1,7.266913741733885e-05
negligence,1,7.266913741733885e-05
breach,2,0.0001453382748346777
contract,1,7.266913741733885e-05
distributor,1,7.266913741733885e-05
indirect,1,7.266913741733885e-05
consequential,1,7.266913741733885e-05
punitive,1,7.266913741733885e-05
incidental,1,7.266913741733885e-05
receiving,1,7.266913741733885e-05
receive,2,0.0001453382748346777
sending,1,7.266913741733885e-05
written,3,0.00021800741225201656
explanation,2,0.0001453382748346777
elect,1,7.266913741733885e-05
lieu,2,0.0001453382748346777
electronically,2,0.0001453382748346777
opportunity,1,7.266913741733885e-05
opportunities,1,7.266913741733885e-05
warranties,3,0.00021800741225201656
merchantability,1,7.266913741733885e-05
fitness,1,7.266913741733885e-05
disclaimers,1,7.266913741733885e-05
exclusion,1,7.266913741733885e-05
types,1,7.266913741733885e-05
violates,1,7.266913741733885e-05
interpreted,1,7.266913741733885e-05
maximum,1,7.266913741733885e-05
permitted,2,0.0001453382748346777
invalidity,1,7.266913741733885e-05
unenforceability,1,7.266913741733885e-05
provision,1,7.266913741733885e-05
void,1,7.266913741733885e-05
provisions,1,7.266913741733885e-05
indemnity,1,7.266913741733885e-05
indemnify,1,7.266913741733885e-05
agent,1,7.266913741733885e-05
employee,1,7.266913741733885e-05
production,1,7.266913741733885e-05
promotion,1,7.266913741733885e-05
harmless,1,7.266913741733885e-05
alteration,1,7.266913741733885e-05
modification,1,7.266913741733885e-05
deletions,1,7.266913741733885e-05
synonymous,1,7.266913741733885e-05
formats,1,7.266913741733885e-05
readable,2,0.0001453382748346777
variety,1,7.266913741733885e-05
computers,2,0.0001453382748346777
obsolete,1,7.266913741733885e-05
middle,1,7.266913741733885e-05
aged,1,7.266913741733885e-05
hundreds,1,7.266913741733885e-05
walks,1,7.266913741733885e-05
financial,1,7.266913741733885e-05
goals,1,7.266913741733885e-05
ensuring,1,7.266913741733885e-05
generations,2,0.0001453382748346777
2001,1,7.266913741733885e-05
sections,1,7.266913741733885e-05
501,1,7.266913741733885e-05
educational,1,7.266913741733885e-05
corporation,1,7.266913741733885e-05
organized,1,7.266913741733885e-05
mississippi,1,7.266913741733885e-05
exempt,2,0.0001453382748346777
revenue,1,7.266913741733885e-05
ein,1,7.266913741733885e-05
federal,2,0.0001453382748346777
identification,1,7.266913741733885e-05
64,1,7.266913741733885e-05
6221541,1,7.266913741733885e-05
contributions,2,0.0001453382748346777
deductible,1,7.266913741733885e-05
office,1,7.266913741733885e-05
809,1,7.266913741733885e-05
1500,1,7.266913741733885e-05
salt,1,7.266913741733885e-05
lake,1,7.266913741733885e-05
ut,1,7.266913741733885e-05
84116,1,7.266913741733885e-05
801,1,7.266913741733885e-05
596,1,7.266913741733885e-05
1887,1,7.266913741733885e-05
email,2,0.0001453382748346777
survive,1,7.266913741733885e-05
carry,1,7.266913741733885e-05
increasing,1,7.266913741733885e-05
licensed,1,7.266913741733885e-05
machine,1,7.266913741733885e-05
accessible,1,7.266913741733885e-05
array,1,7.266913741733885e-05
outdated,1,7.266913741733885e-05
000,1,7.266913741733885e-05
maintaining,1,7.266913741733885e-05
irs,1,7.266913741733885e-05
regulating,1,7.266913741733885e-05
charities,1,7.266913741733885e-05
charitable,1,7.266913741733885e-05
50,1,7.266913741733885e-05
paperwork,1,7.266913741733885e-05
solicit,2,0.0001453382748346777
locations,1,7.266913741733885e-05
confirmation,1,7.266913741733885e-05
send,1,7.266913741733885e-05
visit,2,0.0001453382748346777
solicitation,1,7.266913741733885e-05
prohibition,1,7.266913741733885e-05
unsolicited,1,7.266913741733885e-05
donors,1,7.266913741733885e-05
international,1,7.266913741733885e-05
gratefully,1,7.266913741733885e-05
treatment,1,7.266913741733885e-05
swamp,1,7.266913741733885e-05
staff,1,7.266913741733885e-05
current,1,7.266913741733885e-05
donation,1,7.266913741733885e-05
addresses,1,7.266913741733885e-05
checks,1,7.266913741733885e-05
card,1,7.266913741733885e-05
michael,1,7.266913741733885e-05
hart,1,7.266913741733885e-05
originator,1,7.266913741733885e-05
loose,1,7.266913741733885e-05
network,1,7.266913741733885e-05
volunteer,1,7.266913741733885e-05
confirmed,1,7.266913741733885e-05
edition,1,7.266913741733885e-05
facility,1,7.266913741733885e-05
includes,1,7.266913741733885e-05
subscribe,1,7.266913741733885e-05
newsletter,1,7.266913741733885e-05
